"id","name","count"
4,"Fotos",1148022
5,"Kapitel",480195
19,"Spruchkammerakten",452050
1,"Fotografie",374466
2,"Foto",347882
11,"Kontaktbogen",345758
21,"Monografie",266164
9,"Personalakten",252913
20,"Abschnitt",232532
10,"Architektur",220378
66,"Ortskatalog zur Kunst und Architektur",154549
74,"Urkunden",104964
30,"Amtsbücher",104707
14,"Monographie",100141
24,"Bild",85612
63,"Illustration",84038
64,"Aufsatz",81896
72,"Politik",80823
25,"Prospekt",71290
52,"Technik-Katalog",69751
15,"Skulptur",63932
22,"Medizin, Gesundheit",62335
166,"Standfoto",61669
17,"Kunst und Kultur",60077
35,"Krankenakten",57063
155,"Gesellschaft",47925
51,"Druck",46646
82,"Karten und Pläne",46477
36,"Wohnhaus",45227
6,"Kunstgewerbe",43285
27,"Zeichenkunst",40082
50,"Druckgrafik",39687
23,"Tafelmalerei",34685
132,"Malerei",33252
31,"AV-Materialien",31183
28,"Zeichnung",28398
60,"Bildnis",28292
3,"Szenenbilder",28291
179,"Band",28090
192,"Bildung und Wissenschaft",26174
102,"Bildnis-Katalog",25309
62,"Luftbildschrägaufnahme",23656
94,"Deckenmalerei",23535
95,"Freskomalerei",21488
172,"Grabskulptur",21281
178,"Online-Publikation",20580
111,"Wandmalerei",20064
38,"Industrie",19815
133,"Bildnisse",18646
16,"Statue",18589
157,"Nachlässe",18092
153,"Bauskulptur",17934
85,"Buchmalerei",17653
93,"Deckenbild",17224
115,"Wirtschaft",16874
186,"Zeitschrift",16355
12,"Recht",16336
391,"Kartenforum",16314
58,"Nachrichtenmedien, Journalismus, Verlagswesen",16287
146,"Handel und Wirtschaft",16254
262,"Erziehung, Schul- und Bildungswesen",16222
73,"Relief",15957
201,"Zeitschriften, fortlaufende Sammelwerke",15297
235,"Biowissenschaften, Biologie",15258
239,"Grabstein",14875
46,"Portrait",14808
145,"Wandbild",14790
184,"Geschichte",14306
320,"Physik",13223
328,"Bauwesen",13098
319,"Musik",12477
450,"Stadt",12436
77,"Sport",12039
126,"Kirche",12035
635,"Mühle",11877
568,"Druckgraphik",11787
215,"Chemie",11368
67,"Schellackplatte",11130
91,"Möbel",11023
253,"Ingenieurwissenschaften und Maschinenbau",10738
263,"Landwirtschaft, Veterinärmedizin",10146
236,"Print",10085
250,"Künstlerzeitschrift",10030
251,"Zeitschriften-Beitrag",9681
203,"Text",9258
738,"Sakralraumskulptur",8834
858,"Handschrift",8719
45,"Landwirtschaft",8714
112,"Buchkunst",8455
380,"Natur",8222
522,"Informatik",8178
1030,"Karte",8085
114,"Straße",7992
271,"Geografie",7987
90,"Möbeldesign",7941
61,"Enthaltenes Werk",7840
174,"Wohnen",7682
327,"Wohn- und Geschäftshaus",7252
530,"Geschichte Deutschlands",7064
68,"Oper",7053
386,"Verkehrswesen",7032
185,"Quelle",7013
110,"Bildfeld",6880
353,"Kapitell",6872
204,"Sonstiges",6545
323,"Strafprozessakten",6517
188,"Theologie, Christentum",6404
315,"Tiere",6225
401,"liturgischer Text",6036
390,"Topografie",6035
529,"Geografie, Reisen (Deutschland)",6025
363,"Mathematik",5978
415,"Zeichnung / Grafik",5709
867,"Musik-Katalog",5670
187,"Bauernhof",5561
168,"Geowissenschaften",5545
413,"Grabmal",5513
1277,"Buch",5432
322,"Ort",5412
1482,"Deutschland",5395
761,"Schloss",5142
523,"Messen",5071
105,"mehrbändiges Werk",5020
152,"Technische Chemie",5014
424,"Künstler",4923
283,"Gesundheitswesen",4900
211,"Grundriss",4875
18,"Astronomie, Kartographie",4871
170,"Naturwissenschaften",4767
169,"Allgemeines, Wissenschaft",4736
1175,"Buchseite",4574
605,"Militär",4507
1528,"Mathematica",4488
949,"Kirche (evangelisch)",4468
1029,"Verordnung",4422
116,"Altarskulptur",4417
510,"Leichenpredigt",4402
1044,"Literatur, Rhetorik, Literaturwissenschaft",4346
974,"Geschichte Europas",4314
962,"Geografie, Reisen",4213
1368,"Photographie",4167
422,"Auktionskatalog",4076
1673,"Personenkraftwagen",4031
1542,"Soziale Probleme, Sozialdienste, Versicherungen",3839
84,"Bildseite",3837
377,"Gemälde",3785
622,"Statuette",3781
412,"Denkmalskulptur",3729
196,"Handel, Kommunikation, Verkehr",3698
33,"Lyrik",3678
39,"Sozialwissenschaften, Soziologie, Anthropologie",3674
851,"Lied",3649
267,"Keramik",3648
40,"Handwerk",3632
480,"Unterrichtsmittel",3606
98,"book",3552
427,"Management",3543
314,"Pflanzen (Botanik)",3427
34,"Gelegenheitsschrift:Tod",3415
1283,"Varia",3365
1027,"Denkmal",3344
1167,"Sonstiges &",3321
1540,"Altar",3303
606,"Plan",3269
288,"Entwurf",3236
167,"Portal",3196
238,"Porträt",3190
417,"Kunsthandwerk",3188
980,"Gesundheit und Soziales",3142
437,"Rathaus",3106
224,"Miniatur",3091
587,"Kirche (katholisch)",3087
130,"Graphik",3066
312,"Vorderseite",3066
439,"Französische Literatur",3057
296,"Brunnen",3038
575,"Ausstellung",3033
441,"Spanische und portugiesische Literatur",3028
440,"Italienische, rumänische, rätoromanische Literatur",3013
1046,"Literatur",2992
474,"Landkarte",2971
1174,"Künste, Bildende Kunst allgemein",2962
2093,"Burg",2943
956,"Historische Drucke",2905
372,"Glasmalerei",2901
859,"Mehrbändiges Werk",2888
1377,"Ausstellungen",2870
2794,"Haar- und Bartpflege",2837
287,"Landschaft",2832
511,"Psychologie",2808
499,"Industrielle und handwerkliche Fertigung",2806
414,"Realismus",2805
191,"Urkunde",2803
59,"Freizeitgestaltung, Darstellende Kunst",2798
1004,"Messgerät",2767
691,"VD18 digital",2759
1039,"Kultur",2730
264,"Hauswirtschaft und Familienleben",2727
455,"Einblattdruck",2723
905,"Rückseite",2677
1565,"Villa",2676
479,"Schule",2637
1834,"Bayern",2634
586,"Biografie, Genealogie, Heraldik",2629
447,"Fortlaufendes Sammelwerk",2623
268,"Gruppe (2-figurig)",2603
378,"Reliefplastik",2512
151,"Zeichnung / Skizze",2494
198,"Kommunales",2421
583,"Weltfestspiele der Jugend und Studenten",2414
755,"Aufriss",2397
1909,"Landschaften",2389
230,"Veranstaltungen",2385
806,"Zoologica",2363
3133,"Ansicht",2361
476,"Arbeiterfotografie",2360
421,"Kunst",2348
830,"Deutsche Literatur",2290
831,"Theater",2251
571,"Büste",2236
1915,"Skizzenbuchblatt",2231
362,"Zyklus",2222
992,"Textilkunst",2218
3462,"Sonstige",2201
371,"Fliegende Blätter",2191
329,"Platz",2178
1566,"Miniatur (in der Kolumne)",2157
1012,"Deckendekoration",2142
311,"Freizeit",2136
758,"Portalskulptur",2117
700,"Glasbild",2107
1202,"Theologie",2104
194,"Schriftkunst",2085
432,"biblischer Text",2083
780,"Philosophie",2083
361,"Rundplastik",2067
1140,"Bergbau",2067
118,"Brennkraftmotor",2032
1173,"Bauernhaus",2027
585,"Plastik, Numismatik, Keramik, Metallkunst",2019
925,"Galerie Neue Meister",2016
1212,"Bibliotheks- und Informationswissenschaft",2015
1028,"Zivilprozessakten",1997
2022,"Medizin",1980
80,"Alte Geschichte, Archäologie",1962
156,"Dissertation:jur.",1958
1814,"Aufsatzsammlung",1955
175,"Technik",1954
932,"politische Veranstaltungen",1953
452,"Goldschmiedekunst",1923
828,"sonstiger Text",1912
107,"DigiWunschbuch",1900
2063,"Frankreich",1884
1672,"Sitzfigur",1854
173,"Epitaph",1852
967,"Alltag",1834
96,"Gasthaus",1830
1736,"Bildwerke / Bildende Kunst",1813
108,"Brücke",1779
1226,"Deutsch",1770
649,"Kapelle",1752
3537,"Flurförderer mit Hubeinrichtung",1747
55,"Schauspiel",1742
757,"Kopf",1736
870,"Wanddekoration",1726
418,"Arbeiten auf Papier",1721
854,"Brief",1708
883,"Buchillustration",1702
2257,"Bucherhaltung",1673
985,"Schloß",1672
599,"Pressefotografie",1659
676,"Lastkraftwagen",1621
8,"Stenografie",1619
1831,"Gruppe",1591
1460,"Sprache, Linguistik",1581
199,"Gemäldegalerie Alte Meister",1570
1470,"Literatur in anderen Sprachen",1566
2640,"Bericht",1557
1456,"Sammlung",1533
561,"Kruzifix",1530
131,"920 - Biografie, Genealogie",1523
1219,"Stadtplan",1520
2143,"Schlussstein",1519
221,"Statistik",1517
580,"Vase",1508
2048,"Bauwerk",1508
1393,"Schmiedekunst",1502
3806,"Turm",1497
366,"Kaiserreich Geschichtsschulbuecher",1487
128,"Hamburgensien: Portraits",1469
129,"Portraitsammlung",1469
379,"Kanzel",1460
930,"Elektromotor",1447
718,"Retabel",1446
1359,"elektrisch",1436
106,"Itineraria",1428
4359,"Aufbau",1427
148,"Bleistift",1418
2349,"Vedute",1412
2354,"Kulturveranstaltungen",1407
1018,"EDV, Anwendung",1403
1740,"Libretto",1403
871,"Gewölbebild",1397
1601,"Jugend",1379
778,"Altarbild",1377
3183,"Plastik",1362
1961,"Skizze",1352
1901,"Klosterkirche",1351
295,"Brunnenskulptur",1343
37,"Tierwelt",1340
524,"Geometrie",1338
1615,"Trailer",1338
2320,"City",1338
1539,"Altkarte",1332
1730,"Archivalien",1332
1426,"Studie",1311
1035,"Freiskulptur",1309
1911,"Schrank",1307
566,"Reisezugwagen",1297
92,"Wohnzimmermöbel",1294
26,"Lagereiwesen",1292
48,"Figur",1286
1261,"Postkarte",1283
402,"historisierte Initiale",1268
2145,"Veröffentlichung",1262
491,"Produktionsmaterial",1259
2123,"Dorfkirche",1259
1414,"Vorlesungsverzeichnis",1252
657,"Tierfigur",1249
513,"Kloster",1248
651,"Porträts",1237
1296,"Initiale",1236
123,"Gebäude",1227
181,"Konsole",1214
977,"Hausbau, Bauhandwerk",1210
3966,"Gefäß",1206
857,"830 - Deutsche und verwandte Literaturen",1198
307,"Deutsches Filminstitut - DIF e.V., Standfoto",1195
2651,"Kongress",1194
3168,"Frisör",1193
814,"Mosaikkunst",1189
294,"Innenraum",1183
1874,"Grafik",1175
598,"Verwaltungsgebäude",1172
779,"Bibliographie",1164
1249,"Musizierende",1163
632,"Güterwagen",1160
855,"Aus Nachlass Richard Dehmel",1151
856,"Briefkopierbücher Richard Dehmel",1151
4972,"Astronomie",1151
246,"Bagger",1141
2381,"Europa",1140
627,"Staatliche Hochschule für Baukunst und Bildende Künste Weimar 1946-1951",1139
3122,"Öffentliche Verwaltung",1135
1370,"Laden",1132
2698,"Theater / Oper",1124
3224,"liturgischer Text &amp; Gebetbuch",1123
1491,"Museum",1114
1620,"Öffentliche Darbietungen, Film, Rundfunk",1114
482,"Hochaltar",1112
910,"Fabrik",1109
805,"fortlaufendes Sammelwerk",1108
896,"Schale",1107
850,"Stadttor",1095
1360,"Wappen",1088
1529,"Baumaschine",1086
1353,"Dissertation:phil.",1079
1022,"Konzert",1074
444,"Rezension",1066
2200,"Hotel",1061
2867,"Schriftsteller",1058
1771,"Staatsbibliotheken",1056
1777,"Zeitung",1056
569,"Dorf",1050
1545,"Dissertation:med.",1044
1412,"Modellbau",1042
373,"Fenster",1038
3160,"Historische Drucke: 1601 bis 1700",1038
1036,"Gruppe (3-figurig)",1035
1143,"Demonstrationen",1034
1290,"Sozialwesen",1030
265,"Gemeinderechnungen",1023
2355,"Paläontologie",1021
719,"Reportagefotografie",1016
926,"Grabplatte",1011
1677,"Hamburgensien: Darstellungen und Nachschlagewerke",1010
5104,"Gaststätte",1009
1023,"Tondokument ohne Titel",994
472,"Biographie",985
446,"Dissertation:theol.",983
703,"Altstadt",983
486,"940 - Geschichte Europas",969
1635,"Kanne",964
1875,"Scheune",964
993,"Kriegswirtschaftsverordnung",960
475,"Amtsdruckschrift / Gesetzessammlung / Verordnung / Vertrag / Gesetz / Edikt",958
2906,"Hamburgensien: Zeitschriften",955
2907,"050 - Zeitschriften, fortlaufende Sammelwerke",941
385,"Arbeit",940
733,"Kirchen",940
5776,"Straßenbaumaschine",939
628,"Kinder",936
1479,"vorbereitende Zeichnung",936
968,"Taufstein",931
936,"Innenstadt",929
1014,"Sarkophag",925
357,"Dresden",922
2463,"Marktplatz",921
1053,"Aktfotografie",917
467,"Akte",914
624,"Großherzoglich Sächsische Kunstschule zu Weimar 1860-1910",911
1621,"Erster Mai",902
3620,"elektronisch",902
3911,"Österreich",900
4104,"Bibliografien",899
3339,"Konsolfigur",898
931,"DDR",884
231,"Arbeitende",881
2324,"Waffe",880
886,"Bremse",875
2716,"Traktat",871
687,"Religion, Religionsphilosophie",868
500,"Grafische Verfahren, Drucke",864
435,"Modell",863
1616,"Deutsches Filminstitut - DIF e.V.",863
1201,"Museum für Sächsische Volkskunst mit Puppentheatersammlung",860
1192,"Palais",856
5933,"Leuchter",855
44,"Möbelmessen",854
4303,"Tor",853
1934,"Flugschrift",851
1108,"Schulbuch",849
2258,"GöttingerUniversitätsgeschichte-GedruckteWerke",847
7,"Medaille",846
712,"Wohnen; Wohnhaus",840
1567,"Kartenwerk",838
121,"Gemeinderechnungen, Beilagen",836
1454,"Landschaftsgestaltung, Raumplanung",835
1116,"Gelegenheitsschrift:Einladung",832
521,"Geographieschulbuecher Kaiserreich",831
182,"Kriegszerstörte Stadt",826
1271,"Kleinskulptur",826
927,"Tür",817
1674,"Krankenhaus",817
454,"Druckerzeugnis",816
872,"Krug",815
1450,"Kriege",811
1493,"Querschnitt",808
861,"Gartenskulptur",804
2167,"Kosmetika",800
4629,"Palast",799
310,"Natürliche Ressourcen, Energie und Umwelt",797
1800,"Inschrift",793
772,"Profanarchitektur",783
686,"Reliquiar",779
2090,"Bräuche, Etikette, Folklore",778
3121,"stuckiert",778
1397,"Glasgefäß",775
913,"Decke",774
678,"Schlösser",771
765,"Handel",771
487,"Sekkomalerei",769
4395,"Teller",767
562,"Geldwesen",766
620,"Theater, Tanz",766
2074,"Schienenfahrzeug",764
99,"sh2008113365",763
5300,"Friedhof",763
1987,"Sakralbau",760
963,"Geographie",759
1824,"Militärarchitektur",758
3125,"Gabelstapler",752
1903,"Nordamericana",750
2925,"Ortsansicht",750
1037,"Rundplastik (Rückseite ausgearbeitet)",748
313,"Kleintransporter",742
501,"Fotografie, Computerkunst",741
331,"Münze",735
3017,"Park",735
1055,"Festveranstaltungen",734
714,"sh85148236",732
6962,"Bibliothek",732
704,"Kreuzgang",729
1123,"Portfolio-Pöppelmann-Zwinger",729
5100,"Organisationen, Museumswissenschaft",728
6464,"Elektrotechnik, Elektronik",727
4145,"Freie Deutsche Jugend",723
827,"Miniatur (halbseitig)",722
1124,"Festarchitektur",718
135,"Oberbaumaschine",715
2233,"Schiffe",715
3174,"Territorium",714
86,"theologischer Text",712
465,"Bibliotheken",711
1206,"Stuhl",711
1294,"Bleistift, Feder",711
4273,"Saal",711
2013,"Schüler",710
1581,"Berufsausbildung",707
1129,"Landesaufnahme",705
795,"Festung",699
1675,"Bahnhof",695
1220,"Rechtswissenschaft",694
1269,"Dom",691
3569,"Häuserzeile",690
900,"Korrespondenz",689
1503,"Schulen",688
2397,"Roman",688
355,"Kran",687
1385,"Wissenschaftsgeschichte",687
376,"Gemäldesammlung",686
3828,"Wandteppich",686
3944,"Streitschrift:theol.",684
756,"Sitzgruppen",683
1222,"Sowjetunion",683
237,"Pfarrhaus",682
2501,"Herrenhaus",680
375,"Streitschrift:jur.",679
2936,"Antike",679
2281,"Hochschulschrift",678
3753,"Feder",678
8172,"Zierobjekte",677
584,"Tempel",676
5548,"Pläne",674
663,"Bauverwaltung",673
2703,"Container",673
1720,"Griechenland <Altertum>",672
113,"Einband",671
356,"Altarflügel (Innenseite)",671
1188,"Sibirica",670
473,"Wirtschaftsgebäude",666
508,"Partei: CDU",666
1246,"vergoldet",666
3126,"Predigt",665
798,"Innendekoration",663
3490,"Geschäftshaus",662
745,"Palazzo",658
1081,"Katalog Länderkunde",656
3583,"Geschichte 1600-1930",654
1907,"gefaßt (polychrom)",653
2579,"Stall",653
4225,"Verkehr",653
1682,"Bibelbearbeitung",650
5240,"Geschichte 1724-1955",650
2058,"Reifen",648
582,"Römerzeit",647
681,"Regensburg",645
1444,"Ansichtskarte",645
1935,"Lyrik / Lied / Elegie / Ballade / Epigramm",645
2190,"Chemische Synthese",645
5826,"Verzeichnis",645
1010,"Fries",641
2107,"Forstwirtschaft",640
207,"Zimmer",639
3450,"Stühle",638
3819,"Druckschriften",637
2483,"Triebfahrzeug",636
1728,"Aquarell",635
2604,"Bandförderer",628
497,"Feste",622
509,"Partei; SPD",619
3378,"Pflanzen",618
768,"Epikedeion",613
8249,"RusDML",613
1079,"Pendants",610
2627,"Feinkeramik",609
4659,"Werbung",609
4093,"Rezeption",606
6418,"Bauelement",606
3120,"Lokomotive",605
2452,"Hafen",601
1074,"Chorgestühl",600
2853,"Siedlung",600
885,"Universität",599
3103,"Gewölbedekoration",599
2408,"Lageplan",598
2870,"Altarflügel",596
2928,"Mechanik",595
3130,"Ägypten <Altertum>",595
6541,"Harz",594
2032,"Beilage",593
577,"Tanz",591
701,"Seriendruck",588
1760,"Antiquitates_und_Archaeologia",588
247,"Grammatik",585
1098,"Gärten",585
2815,"Glaskunst",585
1122,"Supraporte",582
2981,"Gleisrichtmaschine",581
411,"Truhe",580
1630,"Nachrichtentechnik",579
3047,"Württemberg",578
5408,"Stadtbefestigung",577
1761,"Antiquitates_und_Archaeologia_ARCHAEO18",574
8269,"020",572
2101,"Schriftprobe",570
3349,"Funde",570
2850,"Rede",568
3175,"Geologie",567
219,"Archivoltenfigur",565
2712,"Orgel",565
1667,"Kuppelbild",564
3824,"Körperpflege",563
2142,"Gelegenheitsschrift:Hochzeit",561
2866,"Kind",560
383,"Fernmeldetechnik",556
570,"Grünes Gewölbe",554
3514,"Wörterbuch",552
2306,"Katholische Kirche",551
1017,"Metallurge für Hüttentechnik",550
7741,"Geschichte Asiens",549
2858,"Soziales",547
1289,"textiles Gewebe",544
702,"Familie",543
1128,"Topographische Karte",542
1145,"Ständebuch",542
4685,"Stromversorgung",542
1349,"Geldrechnung",540
616,"Medaillon",537
2562,"Sachsen",537
210,"Buch der Beispiele",535
334,"Württembergische Kunstkammer; Edles Metall",535
5872,"Schwestern; einzelne",534
5922,"Kaffee- und Teegeschirr",534
1073,"Darmstadt (Landkreis) / Kreis- und Stadtbildstelle",533
164,"Bad Nauheim / Kurverwaltung",530
448,"Schnitt",530
3392,"Satire",529
5257,"Tympanon",528
5829,"journal",527
183,"Technologie",526
1459,"Geschichte 1800-1900",526
578,"Tapete",523
2391,"Plakat",519
8449,"Gedenken",519
9265,"Geschichte Nordamerikas",518
12306,"Geschichte Südamerikas",517
1752,"Amtsdruckschrift",516
1821,"Chor",515
2718,"Zeichenkunst?",514
7672,"Geschichte 1500-1900",514
3850,"Kriegerdenkmal",513
908,"Hauswirtschaft",512
902,"autograph",511
2536,"Pokal",510
3383,"Regal",510
7194,"Geschichte Afrikas",510
3468,"Arie",508
6958,"Wohn- und Geschäftshäuser",506
2195,"Grenzen",504
1669,"Sakralbauten",501
1517,"Polizei",500
1942,"Finanzen",500
517,"Verwaltung",499
2688,"Kelch",499
1631,"Gartenarchitektur",498
4661,"Schiff",497
6013,"Krankenpflege",495
667,"Kaserne",494
12307,"Geschichte der übrigen Welt",494
2296,"Schulprogramm",491
873,"Längsschnitt",488
2429,"Maske",488
2675,"Gasse",488
2218,"Stapler",486
3137,"Westportal",486
4412,"Pharmazie",486
5890,"Torturm",486
4147,"Frau",485
2465,"Fahrzeuganhänger",484
6322,"Nebengebäude",483
1159,"Handel, Gewerbe, Dienstleistung",480
3527,"Gebäudeflügel",480
6159,"Deutschland <DDR>",480
1001,"Gaststätten",479
1466,"Latein",477
337,"Württembergische Kunstkammer; Geschirr",476
4198,"Industrie, Technik, Handwerk",476
7847,"x",476
4077,"19. Jhdt. / Frühe Moderne",475
2345,"sh2010119545",474
6006,"Botanik",473
975,"Reportage",472
2346,"sh2008113843",472
2679,"Garten",472
3105,"Sitzgruppe",472
2678,"Gartenkunst",471
626,"Staatliche Hochschule für Baukunst und Bildende Künste Weimar 1942-1945",470
449,"Wohn- und Wirtschaftsgebäude",469
3982,"Anbauwand",469
4855,"Säule",469
4254,"Chronik",468
4756,"Leipzig",468
3840,"Tod",467
442,"Italien",466
8313,"Gewändefigur",466
909,"Gutshof",464
2993,"Eß- und Serviergeschirr",464
1411,"Schiffsmodell",462
2462,"Rekonstruktionszeichnung",461
1481,"Gitter",460
189,"Architekturzeichnung",459
2412,"Tisch",459
776,"Anthologie",458
3156,"Tagungsszenen",458
3242,"Flugzeug",458
515,"Reform",457
2653,"Prosa-Lanzelot",457
7792,"Post",457
1330,"Mensch <Motiv>",455
2339,"Emailschild",455
3228,"Becher",452
3327,"oval",452
3996,"Andere Religionen",451
3205,"Baden-Württemberg",449
248,"Russisch",445
1191,"Ausstellungsgebäude",444
1446,"Archäologie",444
4754,"Museen",443
4801,"Denkmäler",442
193,"Textblatt",441
10041,"Bank",441
4146,"Fassadenskulptur",440
3262,"Kathedrale",439
6465,"Bildung, Wissenschaft, Kultur",439
950,"Wohn- und Gasthaus",436
1582,"Atlant",436
2185,"Komödie",436
3337,"Kriegskunde",436
4393,"Hochschulschrift / Dissertation / Matrikel / Vorlesung / Vorlesungsverzeichnis / Dissertationensammlung",436
2130,"Hoffmann, Heinrich (1885-1957)",435
190,"Streitschrift",434
1779,"Apotheke",434
5365,"310 - Statistiken",434
689,"Schematismus",432
3873,"Besucher",432
5364,"Hamburgensien: Historische Statistik",432
2550,"Bühne",430
6953,"Klebeband",430
6056,"Reisebericht",429
2567,"Schlafzimmermöbel",426
5696,"Abguss",426
2662,"Pionierlager",425
8284,"Altarflügel (Außenseite)",425
1884,"Unterhaltung",423
11836,"Kreuz",423
2251,"Lichtpause",422
4277,"L' Eclipse: journal hebdomadaire politique, satirique et illustré",422
1083,"Wissenschaft und Technik",421
2241,"Ingenieurbau und Umwelttechnik",421
3730,"Eßtische | Ausziehtische",421
4170,"SPD",421
5351,"Nationalsozialistische Deutsche Arbeiterpartei",421
4196,"Kapitellzone",420
4950,"Straßenszenen",420
7514,"Güterwagen, gedeckter",420
7533,"Stele",420
8103,"Baden",420
1375,"Hessischer Verkehrsverband (Darmstadt)",418
1216,"Menschen",417
1376,"Wohnhaus?",417
994,"Schwarzschlachtung",415
1655,"Gymnasium",414
2749,"Bebauungspläne",414
1868,"Festtage",413
630,"rechtlicher Text",412
4228,"Zierinitiale",412
6668,"Hebezeug",412
419,"Geschichte 1500-1930",411
2491,"Anbauküchen",409
2676,"Baufahrzeug",409
7028,"Vers",409
1378,"Siebdruck",407
4677,"Juden",407
6371,"Demokratischer Frauenbund Deutschlands",407
2106,"Klassische Moderne",406
1275,"Gesellschaft für Deutsch-Sowjetische Freundschaft | DSF",405
6687,"Volksschädlingsverordnung",404
3773,"Kommunalpolitik",403
2126,"Einführung",402
4239,"Heimtückegesetz",402
5231,"sonstiger Text &amp; Chronik",401
959,"Griechisch",400
8182,"Haus",399
664,"Beleuchtung",398
901,"letter",398
1731,"Gesundheit",398
666,"Instandhaltung",397
2055,"Nationalsozialismus",397
2607,"Bibel AT, deutsch",396
5620,"Medien",396
165,"Theosophie",395
122,"Ausgrabung",394
1844,"Internationale Politik",394
4262,"Weihnachten",392
79,"Lateinische Literatur",390
1358,"Lager (Maschinenelement)",390
5011,"Umweltschutz",390
5979,"Drama",390
1609,"Hauptstadt",388
2957,"Führer",388
8496,"Geschichte 1600-1900",388
6014,"Krankenpflege; Ausbildung",387
76,"Wasserversorgung",386
3295,"Fahrzeugelektrik",386
3496,"Literaturwissenschaft",385
1013,"Kunst der 1980er Jahre",384
335,"Württembergische Kunstkammer; Gemälde, Grafiken, Handschriften",382
8984,"Zwickelbild",382
2666,"Zerspanungsfacharbeiter",381
2841,"Fischerei",381
3571,"Kommentar",381
2243,"Umschlag",380
6228,"Steuersystem",380
3144,"Prüfeinrichtung",377
9222,"Bettungsreinigungsmaschine",377
2905,"Erbauungsliteratur",376
4786,"Festspiele",375
6665,"Straßenbau",375
358,"Bärte",374
4841,"Collage",374
743,"Bildwerke / Bildende Kunst &gt; Zeichnung / Grafik",373
3741,"Brückenbau",372
659,"Container-Umschlagmittel",371
4907,"Spiel",371
3498,"Berlin",370
7674,"Meilenblatt",370
2466,"Russland",369
2939,"Pavillon",369
4645,"Dörfer",369
5045,"Wasser",367
403,"Akten",366
924,"Operette",365
1544,"Reproduktionen",365
1633,"Funktechnik",364
2030,"Feder (Fahrzeugtechnik)",363
5472,"Ofenplatte",363
10413,"Gedenkstein",363
209,"Schüssel",362
434,"automatisch",362
5674,"Mathematisch-Physikalischer Salon",362
1541,"Gedenktafel",361
1908,"Wandskulptur",361
6596,"370 - Bildung und Erziehung",360
4137,"Bäume",359
12236,"sonstiger Text &amp; Heiligenleben",359
6806,"Renaissance",358
3166,"Spielzeug",356
4728,"Siegel",356
7638,"Bild- und Schriftkarten",356
10004,"APS",356
1243,"Lehrer",355
8265,"Ofen",355
345,"Württembergische Kunstkammer; Schmuck, Accessoires, Bekleidung",353
3624,"Autorenbild",352
381,"Rad, Radsatz",350
1653,"Handschriften",350
2299,"Autograph",350
716,"Zuschauer",349
3538,"Abzeichen",349
9080,"Katalog",349
3012,"Uniformen",348
5405,"Gesangbuch",348
3501,"Schweiz",347
2710,"Reisefotografie",346
2427,"Briefsammlung",345
3912,"Bauschmuck",345
4878,"Weltkulturerbe",345
4013,"Kommunalfahrzeug",344
7360,"Schmuck",344
4548,"Straßenverkehr",343
4787,"Universitätsprogramm",343
346,"Württembergische Kunstkammer; Stein, Edelstein",342
1339,"Kanontafel",341
1550,"Wohnhäuser",341
70,"Erster Weltkrieg",340
4004,"Baufacharbeiter",340
10542,"Genealogie",340
282,"Preußen",339
2092,"Mord",339
1404,"Bürgermeister",338
3484,"Kabarett",337
4688,"Betonwerker",337
5058,"Kippfahrzeug",337
794,"Erfurt",336
2489,"Sessel | Polsterstühle",336
3945,"Auslegerkran",334
5478,"Württembergische Kunstkammer; Glas, Glasfluss, Email",333
4662,"Inschrifttafel",332
7175,"Außenpolitik",332
2246,"Familienzeitschrift",331
1918,"Ratgeber",330
8278,"Topographie",330
1656,"Vasenmalerei",329
2669,"Filmtheater",329
3202,"Hochschule",329
3943,"Fernsprechtechnik",329
197,"Bettungsmaschine",328
252,"Experimentelle Lyrik",328
1194,"Predella",328
2001,"Fruchtrechnung",328
2700,"Mittelmeer",328
10097,"Konzerte",328
5096,"Friedhofskapelle",326
2154,"Bergwerk",325
4911,"Couchtische | Klubtische",324
2178,"Vorauswahl-Portfolio-Aufsberg",323
7232,"Diebstahl",323
1583,"Deutsche Fotothek",322
978,"Randausläufer",320
5942,"Ruine",320
1270,"Gutshaus",319
2120,"Anhänger",319
749,"Baustellen | Bauplätze",318
1467,"Andere Sprachen",318
2010,"Politiker",318
2854,"Initialzierseite",318
4462,"Tympanonrelief",318
1384,"Berge",317
3342,"Metallurge für Formgebung",317
1461,"Englisch",316
5895,"Eisenbahn",316
6595,"Volkskunst",316
4506,"Jugendtreffen",314
9779,"Drehgestell",313
1236,"Politik &",312
2726,"Luftbild",312
5661,"Kriegsgefangene",312
1076,"Sofas",311
1386,"Baustoff",311
1738,"Reproduktionen / Druckerzeugnisse",311
2221,"Metallurge für Walzwerktechnik",311
4108,"Schmidt, Ludwig",310
7061,"Wiederaufbau",309
7790,"Offiziere",309
3842,"Universität <Humboldt-Universität>",308
7816,"Schalter (Elektrotechnik)",308
9052,"Winter",308
1638,"Ästhetik",307
1350,"Jahresrechnung",306
2382,"Islam",306
2748,"Portfolio-Eschen",306
4154,"Bahnanlage",306
5115,"Amphora",306
5484,"Württembergische Kunstkammer; Waffen, Werkzeug, Reit- und Jagdausrüstung",306
2321,"Facharbeiter für Glastechnik",305
349,"Württembergische Kunstkammer; Unedles Metall",304
1396,"Religion",304
8504,"Adel",304
3413,"Innenausstattung",303
4078,"Facharbeiter für Bergbautechnologie",303
2308,"Sinfonien",302
3019,"Konsilium",302
4011,"Stadtmauer",302
551,"Brücken",301
3182,"Geschichte 1400-1900",301
3330,"Objekt",301
8084,"Fahrzeugausrüstung",301
3101,"Evangelische Kirche",300
4190,"Architekturmodell",300
4738,"Folge",300
2294,"Dorfkirche (evangelisch)",299
2499,"Flasche",299
2831,"Signalanlage",299
3115,"Kurhaus",299
127,"Facharbeiter für Eisenbahntransporttechnik",298
2240,"Mosaik",298
3155,"Gebetbuch",297
5761,"Kinderfotografie",297
1490,"Lader",296
4779,"Gericht",296
5975,"Werkzeug",296
1992,"Rechnungsprüfung",295
1526,"Badischer Frauenverein vom Roten Kreuz",294
2278,"Lithografie",294
3703,"Stock, Christian (1884-1967)",294
4402,"Dissertation",294
5017,"Liegen",294
7287,"Teppich",294
200,"Erker",293
6908,"Zubehör",293
1664,"Gesetzgebung",292
7549,"Rezensionszeitschriften",292
7869,"Collagekunst",292
154,"bemalt",291
4883,"Gefängnisse",291
7357,"Heidelberg",291
3582,"Urne",290
2285,"Kanal",289
1773,"Strandszenen",288
2693,"Feiern",288
3835,"Konflikt",287
7905,"Buchautor",287
7997,"Wohnhaus (genossenschaftlich)",287
9660,"Sammelband",287
1960,"Torbau",286
2733,"Würzburg",286
865,"Pumpe",285
2780,"Predigtsammlung",285
7830,"Konsolkopf",285
2933,"Römisches Reich",284
4508,"Harnisch",284
7608,"Denkmal, Kleindenkmal",284
2773,"Dose",283
3475,"Ernte",283
4450,"Eßbesteck",283
2067,"Geschichte 1700-1800",282
5821,"München",282
222,"Motorrad",281
1652,"Kreuzstein",281
1914,"Mineralogie",281
2053,"Entnazifizierung",281
4141,"Skizzen und Reisezeichnungen",281
7911,"Gelegenheitsschrift",281
8522,"Gewerbe",281
1711,"Oberkleidung",280
1928,"Schülerbedarf",280
4941,"Württembergische Kunstkammer; Figuren",280
9991,"Fibel",280
18762,"Bohren",280
7503,"Kirchenbau",279
9934,"Zehnt",278
2029,"Skizzen; Reisezeichnungen",276
2894,"Mühlen",276
3451,"Pastell",276
1332,"Artillerie",275
3788,"Finanzierung",275
11323,"null",275
1117,"Gelegenheitsschrift:Promotion",274
3744,"photograph",274
5233,"Ausbildung",274
615,"Gestühl",273
5283,"Biologie",273
13917,"Doppelstockfahrzeug",273
5340,"Gelegenheitsschrift:Geburtstag",272
8270,"AN 80190",272
8589,"Miserikordie",272
195,"Pleinairs",271
5128,"Treppe",271
1706,"Kommunikation",270
5366,"Silicium",270
1956,"Schmitt, Robert",269
2255,"Flachwagen",269
4394,"Rede / Panegyrikos",269
10810,"Wasserspeier",269
685,"Kommentar: theol.",268
1949,"Treffen",268
2948,"Hochwasser",268
4566,"Frohburg",268
6691,"Wissenschaft",268
903,"Reliquienschrein",267
4307,"Partei: Grüne",267
9290,"Kaufhaus",267
12567,"Ausländer",267
8240,"Bildwerke / Bildende Kunst &gt; Malerei",266
3847,"Torhaus",265
5915,"Schwestern; Auszeichnungen",265
7237,"Genealogische Tafel",265
9506,"Basis",265
1944,"Archivolte",264
2949,"historisierte Initiale (6-zeilig)",264
9676,"Calcit",264
2156,"Christentum",263
4224,"Zeittafel",263
7850,"Staat",263
8400,"Jugendstil",263
14380,"Mittelbild",263
2222,"Burgen",262
4646,"Zoologie",262
1743,"Omnibus",261
3816,"Jagd",261
625,"Staatliche Hochschulen für Baukunst, Bildende Künste und Handwerk Weimar 1930-1942",260
2819,"Amtsgebäude",260
4272,"Feldbereinigung; Pläne",260
4610,"Herpin",260
15481,"Rathäuser",260
882,"Fotografie (Digitalisat)",259
731,"Bücheranzeige",258
8607,"Grabkreuz",258
1369,"Generator",257
2005,"Weinrechnung",257
3020,"Beamte",257
3661,"Bestattungswesen",256
3731,"Rundfunkverbrechen",256
6718,"Miniatur (in der Bordüre)",256
2494,"Krieg",255
5613,"Liegefigur",254
5929,"Lebensmittel",254
7934,"Simulation",254
528,"Zweiter Weltkrieg",253
1407,"Verpackung",253
3325,"Prozess",253
388,"Trink- und Schankgeschirr",252
1522,"historisierte Initiale (4-zeilig)",252
5562,"Gestühlswange",252
2571,"Kristallfläche",251
3215,"Ferienlager",251
4027,"Erzählung",251
4482,"Jagdschloss",251
9453,"Landschaftsfotografie",251
10203,"Grab",251
1136,"Inventar",250
1500,"Nachruf",250
18995,"Der welsche Gast",250
332,"Württembergische Kunstkammer; Behältnisse",249
4957,"Protokolle",249
6017,"Schwestern; Kriegseinsätze",248
937,"Schild",247
1696,"Wohnanlage",247
3348,"Beschlag",247
7044,"Kreistage",247
764,"Handwerk / Industrie / Handel",246
1045,"Wien",246
4871,"Oberbaudienst",246
1796,"Gleisstopfmaschine",245
5003,"Fassade",245
5397,"Vesperbild",245
10375,"Kachel",245
3391,"Partei: FDP",244
495,"Lazarettpersonal",243
1084,"Unternehmen",243
1161,"Kriegssonderstrafrechtsverordnung",243
1434,"Flughafen",243
1643,"Quarz",243
2057,"Uhr",243
2495,"Wehrturm",243
3430,"Schlafzimmer",243
3530,"Mikroform",243
3659,"Speicher",243
4187,"Humor",243
7885,"Tasse",243
8081,"Ornament",243
19922,"Dünne Schicht",243
10795,"Schlosspark",242
348,"Württembergische Kunstkammer; Uhren, Wissenschaftliche Instrumente",241
2503,"Schreibtische",241
2504,"Ikone",241
5888,"Kommode",241
7017,"Altertum",241
7494,"Geschichte 1700-1900",241
991,"Kasel",240
3428,"Pädagogik",240
3623,"Kasten",240
1678,"340 - Recht",239
1718,"Wein",239
4461,"Wahlen",239
6837,"Dreidimensionale Bildwerke",239
9851,"Monstranz",239
13323,"Radierung",239
3431,"sermon",238
3565,"Ausmalung",238
6034,"Tiermodell",238
6239,"Chirurgie",238
7768,"Geisteswissenschaften",238
17743,"Wissenschaftskunde / Literärgeschichte",238
365,"Anstrichstoff",237
2515,"Raum",237
3494,"Innenräume",237
6063,"Freier Deutscher Gewerkschaftsbund",237
7215,"Finite-Elemente-Methode",237
14480,"Steuer",237
2561,"Baumaschinist",236
3763,"Linguistik",236
5372,"Krypta",236
6124,"Datensammlung",236
7022,"poem",236
8417,"Freskomalerei?",236
842,"Gruppe (4-figurig)",235
2009,"Kriminalität",235
3432,"sh2010119502",235
4452,"Orangerie",234
10556,"Nürnberg",234
11349,"Wiegeeinrichtung",234
278,"Arbeiter",233
342,"Württembergische Kunstkammer; Perlen, Perlmutt, Korallen",233
852,"Erwachsene",233
1568,"Zelte",233
2146,"Titelblatt",233
2976,"Geschichte 1616-1747",233
4759,"Kamin",233
6963,"Geschichte 1600-1940",233
8364,"Reformation",233
494,"Lazarettorganisation",232
815,"Wandmosaik",232
889,"Katalysator",232
1921,"Fliese",232
5974,"Triosonaten",232
6018,"Schwestern; Station",232
592,"Steuern",231
1886,"Staatsbauten",231
12741,"Aufzug",231
1599,"Pferde",230
3704,"Landzettel, Heinrich",230
6088,"Hof",230
7763,"Besoldung",230
333,"Württembergische Kunstkammer; Besteck",229
597,"Landesbibliotheken",229
2594,"Gewände",229
2622,"Kunst der 1940er / 50er Jahre",229
4420,"Enkaustik",229
6332,"Gewölbe",229
9677,"Calcite",229
12700,"Belletristik",229
611,"Genexpression",228
1825,"Nachhaltigkeit",228
2732,"Kalender",228
6945,"Bernhardt, Monika",228
13,"Krankenhäuser",227
496,"Versorgung,medizinische",227
984,"Bildstock",227
1114,"Manuskript",227
1472,"Sprache",227
7091,"Lehen",227
12520,"Geheimer Rat",227
338,"Württembergische Kunstkammer; Holz",226
3434,"Raumfahrt",226
4879,"Druckgrafik?",226
8016,"Sockel",226
10209,"Spitäler",226
3479,"Organische Synthese",225
1996,"Sparen",224
3000,"USA",224
109,"Sofa",223
846,"Radio",223
4543,"Mathematisches Modell",223
4549,"Landwirtschaftsschule",223
6419,"Verpackungs- und Lagerbehälter",223
10754,"Facharbeiter für Gießereitechnik",223
11503,"Atlas",223
484,"Hamburg in historischen Karten und Ansichten",222
3525,"Heizung",222
4648,"Ethnologie",222
9666,"Wahl: Wahlkampf",222
1285,"Liedersammlung",221
6777,"Zeichnung (in der Kolumne)",221
7368,"Perspektive",221
8722,"Druckgraphik?",221
9596,"Theorie",221
717,"Halle",220
800,"Flüchtlinge",220
1879,"Bildband",220
2904,"Vasallen",220
2940,"Innenhof",220
3517,"Karneval",220
7704,"Objektkunst",220
8610,"Archiv",220
10037,"Dienstleistung",220
2889,"Facharbeiter für chemische Produktion",218
3480,"Anorganische Synthese",218
3481,"Angewandte Chemie",218
4599,"Hitler, Adolf",218
4851,"Schleppfahrzeug",218
6841,"Gabelhubwagen",218
3264,"Meißen",217
9094,"Epik",217
9767,"Tragödie",217
469,"Liechtenstein",216
3862,"Stahl",216
10814,"Saxony",216
10903,"Fahrzeugaufbau",216
18058,"20. Jahrhundert",216
826,"Beton",215
1885,"Brunnenfigur",215
2795,"dieselhydraulisch",215
2868,"Schulwandbild",215
3373,"Baden <Landtag>",215
3374,"Geschichte 1819-1904",215
3951,"Pfeiler",215
5127,"Detail",215
5994,"Proteine",215
6163,"Großbritannien",215
6597,"Universität Halle (Saale)",215
7049,"Inkastadt",215
3161,"270 - Geschichte des Christentums",214
3917,"Garderobenmöbel",214
3922,"Dissertationensammlung",214
374,"Landwirt",213
1622,"Kunsthandwerk / Kunstgewerbe",213
2498,"Café",213
3936,"Ausstattung",213
7242,"Wahl: Wahlspot",213
1162,"Wehrkraftzersetzung",212
5428,"Rom",212
11542,"Naturalien",212
1723,"Mittelschrein",211
2487,"Häfen",211
2938,"Unterhaltungszeitschrift",211
3553,"Kartusche",211
7889,"Potentiometer",211
8826,"Artikel",211
339,"Württembergische Kunstkammer; Keramik, Gips",210
5899,"leaf",210
1087,"Landeskunde",209
1318,"Kleinuhren",209
2787,"Reiterstatue",209
3180,"Forschung",209
8403,"Kundgebungen",209
493,"Krankenbehandlung",208
3057,"Schwestern; Ausrüstung",208
3148,"bemalt (polychrom)",208
7536,"Torso",208
9994,"Wohnungsbau",208
11530,"Kirchturm",208
150,"Wohnhäuser; Einfamilienhäuser; Villen",207
1804,"Automobile",207
1897,"Behälterfahrzeug",207
1983,"Quartz",207
3037,"Rechtswesen",207
4427,"Holz",207
2021,"Tagungen",206
2997,"Schauseite (zweite)",206
4391,"Brunnenanlage",206
4408,"Halbfigur",206
4800,"Freiberg",206
6598,"Hochschullehrer",206
7283,"Lohengrin &amp; Friedrich von Schwaben",206
5035,"Karten",205
410,"Landwirtschaft, Forstwirtschaft, Sport, Freizeit, Wohnen",204
834,"Junge Pioniere",204
1427,"Mode",204
1445,"Stadtbild",204
3194,"Geschichte 1700-1930",204
3948,"Sonaten",204
4175,"Exegese",204
5666,"Deutschunterricht",204
5943,"Plakette",204
1640,"Feier",203
1766,"Puppen und Zubehör",203
1870,"Geschichte 1820-1830",203
1871,"Geschichte 1803-1820",203
1872,"Großbritannien <Parlament>",203
3960,"Historische Karte",203
4189,"Schaltkreis",203
4521,"Asien",203
4732,"Kirchenpflegen",203
8085,"Haustür",203
17002,"Kongresse",203
2660,"Dämmstoff",202
6331,"Gelegenheitsschrift:Amtsantritt",202
17175,"FDP",202
19983,"Landtag",202
843,"Bündnis 90/Die Grünen",201
1910,"Lastaufnahmemittel",201
4483,"Sigenot",201
6540,"Bildwerke / Bildende Kunst &gt; Reproduktionen / Druckerzeugnisse &gt; Malerei",201
6990,"Buch der Natur",201
7034,"Ägypten",201
1906,"geschnitzt",200
3002,"Film",200
4409,"Klimatisierung",200
12098,"Franken",200
17905,"Sende- und Empfangseinrichtung",200
341,"Württembergische Kunstkammer; Möbel",199
433,"Tierfotografie",199
1214,"Kopfbedeckung",199
1316,"Barock",199
2865,"Essen und Trinken",199
3150,"Baumaßnahmen",199
3421,"Verpflegung",199
5350,"Hitler, Adolf (1889-1945)",199
5513,"Rasiermesser",199
6440,"Bauwerke",199
10621,"Französisch",199
347,"Württembergische Kunstkammer; Textilien",198
3950,"Baudenkmal",198
8126,"Intelligenzblatt",198
1392,"Englische Literatur",197
1469,"Griechische Literatur",197
3377,"Befestigungsanlagen",197
5073,"Mauer",197
6649,"Kunststoff",197
6661,"Beichtstuhl",197
6965,"Paris <1942>",197
1516,"Personalangelegenheiten",196
2597,"Demonstration",196
6378,"—",196
4063,"Sakralarchitektur",195
4652,"Schweißen",195
6966,"Rechnungsamt; Rechnungen",195
8053,"Wirtshausschild",195
13430,"Klinkermauerwerk",195
16414,"Altertumskunde",195
3023,"Student",194
7918,"Geschichte 1800-1930",194
1131,"Zierseite",193
4363,"Metalldrahtglühlampe",193
6329,"Ernst Ludwig (Hessen und bei Rhein, Großherzog)",193
7518,"Wallfahrtskirche",193
8873,"Urlaub",193
2007,"Schwesterntracht",192
6174,"Schienenverkehr",192
8036,"Militärische Übungen",192
1816,"Maps",191
4557,"Katechismus",191
5901,"Wintersport",191
6223,"Reflektionsmaterial",191
7317,"Allgemeine Sammelwerke",191
1984,"Rhetorik",190
2091,"Regionale Geographie",190
2910,"sh85148261",190
3142,"Innovation",190
6012,"Deutsches Rotes Kreuz; Schwesternschaften",190
6951,"Wald",190
7423,"Altaraufsatz",190
8123,"Literarisches Zentralblatt für Deutschland",190
1666,"Organisation",189
2193,"Postamt",189
2265,"Kugellager",189
4906,"Mission",189
5712,"Facharbeiter für Sintererzeugnisse",189
6902,"Tourismus",189
8048,"Strecken; Offenburg-Singen",189
270,"Ländlicher Raum",188
1955,"Grenze",188
2311,"Achse",188
4475,"Treppenhaus",188
4624,"Duett",188
5250,"Jugendliche",188
6019,"Schwesternschaften vom Roten Kreuz",188
2554,"Judentum",187
3707,"Armatur",187
4523,"Kontretänze",187
4839,"Fasching",187
8622,"Wirtschaftspolitik",187
393,"Messe",186
470,"Arzt",186
864,"Markt",186
1019,"Turnhalle",186
1681,"Zeichnung?",186
2686,"Fasnacht",186
3737,"Kaffeekanne",186
7266,"Alter",186
8971,"Rundplastik (Rückseite ausgehöhlt)",186
11776,"partial differential equations",186
2484,"Kirchenfenster",185
6498,"Edelstein",185
8049,"Strecken; Schwarzwaldbahn",185
20607,"Getriebe",185
7145,"Luisenheim; Schwesternaltersheim",184
8125,"Hohenzollern-Hechingen",184
13435,"Schwert",184
1382,"Grundriß",183
1904,"kniende Figur",183
2977,"Gewölbemalerei",183
3236,"complex functions",183
5219,"Instandhaltungsmechaniker",183
5916,"Schwestern; Dienstjubiläum",183
6560,"Armut",183
9293,"Streitkräfte",183
1069,"Europäische Union",182
2855,"Prozesssteuerung",182
2921,"Rundfunk",182
4680,"Fahrzeugbau",182
5386,"Universitätsinstitut",182
7123,"Badische Schwesternschaft vom Roten Kreuz; Luisenheim",182
8124,"Geschichte 1785-1849",182
8127,"Geschichte 1829-1836",182
10823,"China",182
16540,"Auswanderung",182
25883,"Geleucht",182
75,"Votivbild",181
730,"Opern",181
1991,"Konstruktionszeichnung",181
6956,"Bleistift, Buntstift",181
11895,"Zoll",181
20843,"Porzellansammlung",181
507,"Kritik",180
751,"Übersetzung",180
1880,"Hebezeug (außer Kran)",180
2148,"Verfassung",180
3354,"Protest",180
11930,"Facharbeiter für Anlagentechnik",180
19978,"Rahmen",180
1075,"Essay",179
4328,"Miniatur (am Rand)",178
8268,"Saxon State and University Library Dresden",178
9048,"Rhythmogramme",178
10638,"Steckverbindung",178
13222,"Stiftungen",178
17428,"ländliches Bauen",178
336,"Württembergische Kunstkammer; Gemmen, Kameen, geschliffene Steine",177
453,"Humpen",177
2332,"Landwirtschaft, Forstwirtschaft, Wohnen",177
2691,"Schreibtisch",177
4877,"Kämpfer",177
5097,"Schriftstellerin",177
6585,"Sakramentshaus",177
11294,"Badeanstalt",177
15849,"Gewalt",177
134,"Schlosskapelle",176
1342,"Rauchutensilien",176
2236,"Streitschrift:polit.",176
3153,"Ludwig-Wilhelm-Krankenheim",176
5215,"Einheimische",176
5330,"Synagoge",176
5549,"Prozeß",176
14797,"Bozzetto",176
17944,"Bamberg",176
1809,"Polen",175
2488,"Universität Bonn",175
2763,"Kolportageliteratur",175
3286,"dieselelektrisch",175
4474,"Signaltransduktion",175
4558,"Zwickelrelief",175
6165,"Vor- und Frühgeschichte",175
7506,"Beschwerden",175
8130,"Unterhaltungs- und Informationselektronik",175
9195,"Staatsstraße Nr. 36 Stuttgart - Nördlingen",175
957,"Sprachen / Literaturen",174
1962,"Hund",174
3203,"Denkmalpflege",174
3395,"Asymmetrische Synthese",174
5477,"Württembergische Kunstkammer; Elfenbein, Bein, Zahn",174
6536,"Druck?",174
7090,"abstrakte Skulptur",174
8992,"Lettner",174
10656,"Wasserschloss",174
13561,"Motor",174
5480,"Württembergische Kunstkammer; Medaillen, Münzen",173
9477,"Städtebau",173
11810,"Sattelschlepper",173
12884,"Elsässische Legenda Aurea",173
921,"Staatliche Hochschule für Handwerk und Baukunst Weimar 1925-1930",172
1040,"Weltchronik",172
1101,"Auswuchten",172
3650,"Demokratie",172
4371,"Kino",172
4422,"Haushaltsplan",172
7974,"Kunst der 1970er Jahre",172
13078,"Bund-Länder-Verhältnis",172
2122,"Meister",171
3131,"Einspritzpumpe",171
5212,"Kapelle (katholisch)",171
7067,"Struktur-Aktivitäts-Beziehung",171
7236,"Dynastie",171
12521,"Resolutionen",171
13020,"Besoldungen",171
14614,"Wegkreuz",171
595,"Skizzen",170
914,"Kindergarten",170
1383,"Touristen",170
1717,"Rechnung",170
4765,"Kommentar: jur.",170
1211,"Belletristische Darstellung",169
2280,"Lehrbuch",169
3123,"Sessel",169
4735,"Hinterglasmalerei",169
5018,"Landesjugendplan",169
5022,"Hygiene",169
8267,"SLUB Dresden",169
11461,"Fahne",169
14586,"Mittelalter",169
15842,"Bekannte",169
15843,"Freunde",169
206,"Christlich Demokratische Union (CDU)",168
1811,"Geschichtsschreibung",168
2593,"Politische Säuberung",168
6411,"Geschichte 1795-1820",168
8666,"Türsturz",168
11226,"Tabelle",168
483,"Hamburgensien: Karten",167
1859,"Bibel",167
2825,"Ethik",167
3323,"Schrein",167
4168,"Brauerei",167
4626,"Reproduktion",167
8353,"Grundschule",167
10984,"Plakate",167
14227,"Numerisches Verfahren",167
19544,"Prosa",167
485,"Karte, Plan",166
2137,"Bürgerhaus",166
2920,"Bergmann",166
4229,"Wohnen; Wohnhaus, Villa",166
4237,"Rückblick",166
4795,"Bundestagswahl 1998",166
7774,"теория групп",166
8119,"Frankfurt am Main",166
9678,"Zeichnung, Kunsthandwerk",166
12411,"Tumba",166
16340,"Mausoleum",166
3052,"Architekturfotografie",165
4111,"Ausgleichsstock",165
4880,"Handbuch",165
5238,"Norwegische Hauptstadt",165
6686,"Urkundenfälschung",165
6715,"Transformator",165
11316,"Klebstoff",165
12039,"Dichtung",165
350,"Württembergische Kunstkammer; Zierstücke, Schaustücke",164
1802,"Edikt",164
3171,"Belehnung",164
5313,"Sanatorium",164
6074,"ehemalige DDR",164
7077,"Militärgeschichtliche Karte",164
7146,"Mutterhaus der Schwestern des Badischen Frauenvereins vom Roten Kreuz",164
12280,"Dresden-Altstadt",164
14315,630,164
17277,"Unterfranken",164
280,"Krankheit",163
1009,"Gesundheit, Soziales",163
2166,"Schönheitspflege",163
2247,"Baustellen",163
3625,"Güterverkauf",163
3961,"Gedenkstätte",163
5106,"Greifer",163
5877,"Puppenstube",163
11227,"Altarschrein",163
16821,"Volksschule",163
516,"Siebziger Jahre",162
1480,"Staatsstraße Nr. 83 Stuttgart - Tübingen - Rottweil - Stockach",162
3237,"комплексные функции",162
5526,"Erholungsheim",162
8570,"Spiegel",162
10761,"Windmühle",162
2031,"Regierungsgebäude",161
2461,"Klostergebäude",161
3008,"Kräuterbuch",161
7125,"Badischer Frauenverein vom Roten Kreuz; Auszeichnungen",161
8857,"Seefahrt",161
9456,"Fotoapparat",161
420,"Ostasien",160
2608,"functional analysis",160
4296,"Oberpfalz",160
9191,"Stadt Kiel",160
10617,"Stammbuch Kurfürst Friedrich IV. von der Pfalz",160
14340,"group theory",160
2385,"Geschichte 500-1500",159
2485,"Antependium",159
3265,"Vortragekreuz",159
4215,"Platte",159
4534,"Krankenhäuser; Kuranlagen; Bäder;",159
4613,"Ballettensembles",159
7622,"1. Weltkrieg",159
19558,"Ausrüstung",159
1048,"Pferd",158
3375,"Stift",158
3981,"Vorhalle",158
5911,"Grafik (Porträt)",158
6086,"Rechtsextremismus",158
6305,"Puppe",158
19065,"Paris",158
19451,"Umweltverschmutzung",158
1703,"Metallurge für Erzeugung-Stahl",157
2220,"Energieversorgung",157
2609,"функциональный анализ",157
2927,"Orden",157
3469,"Kleinstadt",157
4257,"Jesuiten",157
5046,"Geschichtswissenschaft",157
5995,"Wechselwirkung",157
6869,"Geschichte / Ethnographie / Geographie",157
7862,"Alchemie",157
8906,"Brosche",157
10141,"Süddeutscher Rundfunk (SDR)",157
11639,"Bildung",157
12729,"Strecken; Mannheim-Basel",157
2441,"Fürstentum",156
3149,"Amtsgericht",156
4407,"Handel, Gewerbe, Dienstleistung, Wohnen",156
4537,"Gefängnis",156
5479,"Württembergische Kunstkammer; Horn, Leder, Federn",156
5555,"Altarskulptur?",156
5628,"Kegelrollenlager",156
5706,"Malerei?",156
5893,"Katholische Theologie",156
5917,"Gruft",156
7985,"Kongreß",156
8279,"Modellierung",156
22828,"Türklopfer",156
208,"Behälter / Aufbewahrung",155
3214,"Füllung",155
5224,"Arbeitsmarkt",155
6721,"Dieselmotor",155
8401,"Werkzeuge",155
8628,"Stadtlandschaft",155
9112,"Bleistift, Feder, laviert",155
392,"Währungsreform",154
2824,"Internet",154
4065,"Insel",154
7304,"Halbleiter",154
11668,"Kabel",154
12768,"Bild?",154
15096,"Geschichte 1500-1800",154
1767,"Spielzeug / Spiel / Sport",153
2917,"Zeulenroda",153
3910,"Bett",153
5671,"Mappe",153
5959,"Gelegenheitsschrift:Gedenken",153
6581,"Gartenhaus",153
2788,"Galerie",152
4348,"Biosynthese",152
4749,"Freizeit / Unterhaltung / Genuß",152
8206,20E07,152
13528,"Arbeitslosigkeit",152
18468,"Briefaufstellmaschine",152
25884,"Wohnen; Wohn- und Geschäftshaus",152
223,"sonstiger Text &amp; Reisewerk",151
1125,"Rohr, Schlauchleitung",151
1856,"Lieder",151
1858,"rund",151
1900,"Persönlichkeiten",151
2713,"Rettungswesen",151
3531,"Optik",151
4611,"Kirchengeschichte",151
8149,"Portfolio-Nosko",151
12372,"Stadtansichten",151
13599,"Gagern, Heinrich Freiherr von (1799-1880)",151
478,"Mensch-Tier-Gruppe (2-figurig)",150
884,"Portfolio-Pöppelmann-Pillnitz",150
951,"Schulwandbild Biologie",150
2158,"Plastik / Skulptur",150
5964,"Denkmal, Kleindenkmal, Sakralbauten",150
6482,"Anweisbuch",150
8338,"Deutsches Filminstitut - DIF e.V., Portrait",150
9030,"Anbauküche",150
9121,"Strafrecht",150
14125,"Ehrungen",150
1783,"Wiedergutmachung",149
2173,"Musiker",149
5619,"Miniaturmalerei",149
6382,"Bauer",149
7460,"Weltkrieg; Zweiter",149
15139,"Natur: Naturschutz",149
15341,"Gynäkologie",149
581,"Glas",148
3086,"Zeitungsartikel",148
3102,"Jagdkunde",148
3453,"Oelsa",148
10738,"Sekretär",148
965,"Holzschnitt",147
4295,"Geomantie",147
4794,"Archäologische Stätte",147
5807,"Geschichte 1798-1816",147
10558,"Helm",147
3627,"Studium",146
4037,"Gartenbau",146
7840,"Geschichte 1400-1930",146
8273,"Saccharomyces cerevisiae",146
10815,"Libraries",146
16702,"Feuerschutz",146
325,"Gesellschaftskritik",145
5175,"Rundplastik (Rückseite flach)",145
7248,"Geschichte 1400-1800",145
8153,"Universität Göttingen",145
10535,"Schlösser und Palais",145
705,"ordinary differential equations",144
1877,"Großherzogliche Zeichenschule Weimar 1775-1930",144
2570,"Kupfer",144
3493,"Chorschranke",144
3645,"Universität Freiburg im Breisgau",144
7754,"Visualisierung",144
7928,"Portfolio-Rössing-Stimmung",144
7966,"Gewerkschaft: IG Metall",144
8109,"Flurförderer ohne Hubeinrichtung",144
618,"Küche",143
2004,"Viehrechnung",143
2238,"Psychoanalyse",143
2706,"Oberämter",143
3009,"Klassizismus",143
3134,"Pfalz",143
3287,"Modenschauen",143
4142,"Begriff",143
4828,"Sicherungstechnik",143
6449,"Krater",143
7598,"Obelisk",143
8554,"Limpert, Emy",143
13494,"Fußbodenmosaik",143
19832,"Badischer Frauenverein vom Roten Kreuz; Finanzen",143
20951,"Hill, Friedrich Jakob (1758-1846)",143
4459,"Schmidt, Johann Friedrich (1894-1965)",142
4893,"Softwareentwicklung",142
8205,"20F05",142
2064,"Presse",141
2892,"Hospital",141
3208,"Marine",141
3260,"Silber",141
4300,"Aufriß",141
5071,"Ärzte",141
6385,"Vorzeichnung",141
6833,"Historienmalerei",141
7358,"Universitätsbibliothek",141
10176,"Sparkasse",141
12892,"Katholizismus",141
2260,"Portfolio-Hanisch-Willy-Familie",140
3038,"Schauspieler",140
6576,"Deutsche",140
6933,"Elektromonteur",140
8045,"Inka",140
12541,"sonstige Schränke",140
13920,"Armeeoberkommando 2",140
15283,"Partsongs",140
17515,"Herme",140
2775,"Facharbeiter für Eisenbahnbautechnik",139
3524,"Lastenausgleich",139
3909,"Baugenehmigungen",139
5126,"Detailplan",139
6641,"Ordensliteratur:Jesuiten",139
498,"historisierte Initiale (9-zeilig)",138
1315,"Uhrengehäuse",138
1912,"Gebrauchsgrafik",138
2165,"Langhaus",138
4673,"Poetik",138
5234,"Erziehung",138
12328,"Ladehilfe",138
12668,"Stadtansicht",138
14539,"historisierte Initiale (7-zeilig)",138
15575,"Skulpturensammlung",138
18640,"Wahl: Landtagswahl 2001",138
979,"Triumphkreuzgruppe",137
2011,"Projekt",137
2804,46E35,137
3231,"Grabung",137
4602,"Liturgie",137
4711,"Beamter",137
8551,"Brunnenhaus",137
9028,"Tabernakel",137
9134,"Mann <Motiv>",137
10058,"Badischer Frauenverein vom Roten Kreuz; Krankenschwestern",137
12108,"Computersimulation",137
15957,"Schmiede",137
16002,"Freiheit",137
25425,"Große Heidelberger Liederhandschrift (Codex Manesse)",137
1189,"Werkstatteinrichtung",136
2037,"Großherzoglich Sächsische Kunstgewerbeschule Weimar 1907-1915",136
4551,"Siegerehrungen",136
5047,"Weltgeschichte",136
5075,"Gefälle",136
5460,"Gelegenheitsschrift:Fest",136
6717,"Staatsstraße Nr. 42 Stuttgart - Ulm",136
8667,"Staatsstraße Nr. 99 Stuttgart - Freudenstadt",136
11777,"дифференциальные уравнения в частных производных",136
12305,"Straßenbahn",136
1463,"Französisch, romanische Sprachen allgemein",135
1721,"Mythologie",135
2849,"Zeichnung (halbseitig)",135
2947,"Anatomie",135
3935,"Wasserburg",135
6363,"sonstige Regale",135
6699,"Liege",135
7973,"Wirtschaftsunternehmen: Daimler-Benz",135
9815,"Schülerarbeiten",135
13650,"Pyrit",135
24351,"Schmuck für Körper und Kleidung (Frauenkleidung)",135
1003,"Schifffahrt",134
3754,"Gaststätten und Hotels",134
7139,"Badischer Frauenverein vom Roten Kreuz; Zweigvereine",134
7505,"Swahili",134
10122,"Eisen",134
11400,"Textseite",134
16566,"Frau <Motiv>",134
21684,"Integration",134
23394,"Abtei",134
286,"Meldewesen",133
340,"Württembergische Kunstkammer; Kristall",133
847,"Escherichia coli",133
1436,"Auto",133
3164,"Terrorismus",133
3390,"Requisitionen",133
3452,"Steinbruch",133
4042,"Gleisverlegemaschine",133
4481,"Portfolio-Pöppelmann-Moritzburg",133
4550,"Wohnturm",133
5433,"Meer",133
5856,"Gelegenheitsschrift:Jubiläum",133
5988,"Monte-Carlo-Simulation",133
7361,"Kleidung",133
8893,"Sexualität",133
9365,"Kindergärten",133
9757,"Bregtalbahn",133
14350,"sh85145155",133
15604,"Schlitz gen. von Görtz, Carl Graf von (1822-1885)",133
16046,"Zeichnung/Grafik",133
16813,"Streitigkeiten",133
17083,"Gesetzblatt",133
19159,"Modefotografie",133
279,"Krankenversicherung",132
2088,"Reisen: Tourismus",132
2511,"Romantik",132
3059,"Weinbau",132
4072,"Trachtenpuppen",132
4247,"Fluorit",132
6045,"Blechschild",132
7770,"Wasserfahrzeuge",132
7981,"Osteuropa",132
9444,"Vogelschaubild",132
12954,"Hochstift Bamberg",132
15410,"Niederlande",132
17755,"Rollenporträt",132
640,"BRD",131
3632,"Pontus und Sidonia",131
3643,"Betrug",131
3660,"Mensch-Tier-Gruppe",131
7565,"Inszenierung",131
10410,"19. Jahrhundert",131
13057,"Schmalfilmkamera",131
19529,"Filter",131
1610,"Osmanisches Reich",130
1828,"Grundbücher; Auszüge",130
3915,"Isometrie",130
4040,"Restaurant",130
6320,"Weihwasserbecken",130
6425,"Kettenrad",130
7764,"Monochromie",130
8917,"Pfarrer",130
9313,"Vergleich",130
11834,"Mathematikunterricht",130
19249,"Portfolio-Grasser",130
30229,"Organische Chemie",130
136,"Paare",129
631,"Kaufmann",129
2373,"Heiligtum",129
2860,"Rohrpostanlage",129
3855,"NMR-Spektroskopie",129
6444,"Rechnungswesen",129
9409,"Halskette",129
9650,"35B40",129
9990,"Fahrzeuge",129
1088,"Glocke",128
3088,"Moschee",128
4378,"Badehaus",128
4936,"Expressionismus",128
5945,"Gasthof",128
6236,"Numerische Strömungssimulation",128
7151,"Tuberkulosebekämpfung",128
7730,"Mythos",128
8687,"Kassenbuch",128
11468,"Restaurierung",128
11848,"Diözese Regensburg",128
13333,"обыкновенные дифференциальные уравнения",128
16690,"Bauteil, Ausstattung, Wohnen",128
21881,"Staatsstraße Nr. 49 Ulm - Friedrichshafen",128
25338,"Ziborium",128
4609,"Eßtisch",127
4974,"Küchenarbeit",127
5630,"Friedhöfe",127
6732,"780 - Musik",127
7033,"Slawische Sprachen",127
8308,"Numismatik",127
11171,"Marstall",127
12205,"Jubiläum",127
17888,"Stetigförderer",127
637,"Kanzelaltar",126
1792,"Geoinformationssystem",126
4169,"Bundestagswahl 2002",126
5105,"Statuettengruppe",126
5986,"Messung",126
7124,"Badische Schwesternschaft vom Roten Kreuz; Mutterhaus",126
8951,"Gruppe der Sowjetischen Streitkräfte in Deutschland | GSSD",126
18204,"Bekrönung",126
23258,"Dresden-Hellerau",126
25885,"Vertrag",126
1111,"Anleitung",125
1345,"Pfründner; Verzeichnis",125
2008,"Musikzeitschrift",125
2100,"Schulwandbild Anschauungsunterricht",125
2431,"Mann",125
4322,"Kirche (evangelisch-lutherisch)",125
5824,"Weltkrieg <1914-1918>",125
6413,"Straßen",125
7104,"Bodenbenutzungserhebung",125
8345,"топология",125
8932,"Portfolio-Peter-sen",125
9768,"Motiv",125
10364,"Handel; Einzelhandel",125
11420,"höfische Feste",125
12378,"Gebet",125
12656,"Landesregierung: Ministerpräsident",125
17460,"Landesregierung",125
18269,"Stellwerk",125
1186,"Heimattage Baden-Württemberg",124
2901,"Planiergerät",124
2979,"Naturalismus",124
4519,"Orientalistik",124
4955,"Militärregierung, französische",124
5992,"Maus",124
6511,"Kinderheim",124
8572,"Befreiungskriege <1813-1815>",124
8790,"Versammlungen",124
23411,"Grundgesetz",124
344,"Württembergische Kunstkammer; Rest-Organik",123
1437,"Brauchtum",123
1465,"Spanisch, Portugiesisch",123
5347,"Endstellentechnik",123
6182,"Festsaal",123
6740,"Stellenbesetzungen",123
7143,"Kindersolbad Bad Dürrheim",123
7813,"Brückenkran",123
14828,"Grabbeigabe",123
14844,"Zukunft",123
1408,"Containerfahrzeug",122
3172,"Zehnten",122
4252,"Haushalt",122
6907,"Tuch",122
8184,"330 - Wirtschaft",122
9283,"map",122
9452,"Kabel (Elektrotechnik)",122
11458,"Festungsplan",122
12095,"Fensterrahmung",122
13300,"Verkauf",122
