"id","value"
1,"Fotografie"
2,"Foto"
3,"Szenenbilder"
4,"Fotos"
5,"Kapitel"
6,"Kunstgewerbe"
7,"Medaille"
8,"Stenografie"
9,"Personalakten"
10,"Architektur"
11,"Kontaktbogen"
12,"Recht"
13,"Krankenhäuser"
14,"Monographie"
15,"Skulptur"
16,"Statue"
17,"Kunst und Kultur"
18,"Astronomie, Kartographie"
19,"Spruchkammerakten"
20,"Abschnitt"
21,"Monografie"
22,"Medizin, Gesundheit"
23,"Tafelmalerei"
24,"Bild"
25,"Prospekt"
26,"Lagereiwesen"
27,"Zeichenkunst"
28,"Zeichnung"
29,"Gottesmutter"
30,"Amtsbücher"
31,"AV-Materialien"
32,"Rhode-Fenner, Eva (1889-1962)"
33,"Lyrik"
34,"Gelegenheitsschrift:Tod"
35,"Krankenakten"
36,"Wohnhaus"
37,"Tierwelt"
38,"Industrie"
39,"Sozialwissenschaften, Soziologie, Anthropologie"
40,"Handwerk"
41,"Kochofen"
42,"Luftsauger"
43,"Zimmerofen"
44,"Möbelmessen"
45,"Landwirtschaft"
46,"Portrait"
47,"Journalist"
48,"Figur"
49,"Adelshof"
50,"Druckgrafik"
51,"Druck"
52,"Technik-Katalog"
53,"Böhmen"
54,"Geschichte 1866"
55,"Schauspiel"
56,"Tibetischer Buddhismus"
57,"Globalisierung"
58,"Nachrichtenmedien, Journalismus, Verlagswesen"
59,"Freizeitgestaltung, Darstellende Kunst"
60,"Bildnis"
61,"Enthaltenes Werk"
62,"Luftbildschrägaufnahme"
63,"Illustration"
64,"Aufsatz"
65,"Reichsgesundheitsamt"
66,"Ortskatalog zur Kunst und Architektur"
67,"Schellackplatte"
68,"Oper"
69,"Steinsetzer"
70,"Erster Weltkrieg"
71,"Westfront"
72,"Politik"
73,"Relief"
74,"Urkunden"
75,"Votivbild"
76,"Wasserversorgung"
77,"Sport"
78,"Epidot"
79,"Lateinische Literatur"
80,"Alte Geschichte, Archäologie"
81,"Homann, Susanne"
82,"Karten und Pläne"
83,"Delisle"
84,"Bildseite"
85,"Buchmalerei"
86,"theologischer Text"
87,"Butterherstellung"
88,"Butterfaß"
89,"Dresden-Hosterwitz"
90,"Möbeldesign"
91,"Möbel"
92,"Wohnzimmermöbel"
93,"Deckenbild"
94,"Deckenmalerei"
95,"Freskomalerei"
96,"Gasthaus"
97,"Brauerei?"
98,"book"
99,"sh2008113365"
100,"Weltkr. 672"
101,"Ys 43982"
102,"Bildnis-Katalog"
103,"City von Casablanca"
104,"Bahnstrecke"
105,"mehrbändiges Werk"
106,"Itineraria"
107,"DigiWunschbuch"
108,"Brücke"
109,"Sofa"
110,"Bildfeld"
111,"Wandmalerei"
112,"Buchkunst"
113,"Einband"
114,"Straße"
115,"Wirtschaft"
116,"Altarskulptur"
117,"Kriegsfolgen"
118,"Brennkraftmotor"
119,"Schlachtvieh; Klassifizierung"
120,"Theaterproben"
121,"Gemeinderechnungen, Beilagen"
122,"Ausgrabung"
123,"Gebäude"
124,"Kapelle; Achatiuskapelle"
125,"Kapelle; Sebastianuskapelle"
126,"Kirche"
127,"Facharbeiter für Eisenbahntransporttechnik"
128,"Hamburgensien: Portraits"
129,"Portraitsammlung"
130,"Graphik"
131,"920 - Biografie, Genealogie"
132,"Malerei"
133,"Bildnisse"
134,"Schlosskapelle"
135,"Oberbaumaschine"
136,"Paare"
137,"Larsberg, (NN)"
138,"Deutscher Künstler-Hilfsbund 1915"
139,"Gesellschaft zur Verbreitung guter Kunst m.b.H., Berlin"
140,"Deutschland (Deutsches Reich) / Infanterie-Regiment (060)"
141,"Deutschland (Deutsches Reich) / Landsturm"
142,"Fässer"
143,"Gold"
144,"Regimentsquartiermeister Bürger"
145,"Wandbild"
146,"Handel und Wirtschaft"
147,"Palais Bohnenberger"
148,"Bleistift"
149,"Teilgrundriss, Teilansicht, Detail"
150,"Wohnhäuser; Einfamilienhäuser; Villen"
151,"Zeichnung / Skizze"
152,"Technische Chemie"
153,"Bauskulptur"
154,"bemalt"
155,"Gesellschaft"
156,"Dissertation:jur."
157,"Nachlässe"
158,"Cotè d´ Azur"
159,"Auskunftsdienst"
160,"Virtueller Auskunftsdienst"
161,"Wissensorganisation"
162,"Bibliothekswissenschaft"
163,"Informations- und Dokumentationswissenschaft"
164,"Bad Nauheim / Kurverwaltung"
165,"Theosophie"
166,"Standfoto"
167,"Portal"
168,"Geowissenschaften"
169,"Allgemeines, Wissenschaft"
170,"Naturwissenschaften"
171,"Kriegsfolgelasten"
172,"Grabskulptur"
173,"Epitaph"
174,"Wohnen"
175,"Technik"
176,"Akropolis Athen"
177,"Geschichte 1862"
178,"Online-Publikation"
179,"Band"
180,"Weltkr. 691"
181,"Konsole"
182,"Kriegszerstörte Stadt"
183,"Technologie"
184,"Geschichte"
185,"Quelle"
186,"Zeitschrift"
187,"Bauernhof"
188,"Theologie, Christentum"
189,"Architekturzeichnung"
190,"Streitschrift"
191,"Urkunde"
192,"Bildung und Wissenschaft"
193,"Textblatt"
194,"Schriftkunst"
195,"Pleinairs"
196,"Handel, Kommunikation, Verkehr"
197,"Bettungsmaschine"
198,"Kommunales"
199,"Gemäldegalerie Alte Meister"
200,"Erker"
201,"Zeitschriften, fortlaufende Sammelwerke"
202,"Kinderheime"
203,"Text"
204,"Sonstiges"
205,"Bundestagswahl 1957"
206,"Christlich Demokratische Union (CDU)"
207,"Zimmer"
208,"Behälter / Aufbewahrung"
209,"Schüssel"
210,"Buch der Beispiele"
211,"Grundriss"
212,"Frühjudentum"
213,"Paulus <Apostel> (ca. 1. Jh.) : Briefe"
214,"Verheißung"
215,"Chemie"
216,"Titankomplexe"
217,"Fulvene"
218,"Votivkissen"
219,"Archivoltenfigur"
220,"Finnisches Lied"
221,"Statistik"
222,"Motorrad"
223,"sonstiger Text &amp; Reisewerk"
224,"Miniatur"
225,"Aristoteles (v384-v322) : Topica 5"
226,"Echtheit"
227,"Profil"
228,"Künstlerensembles"
229,"Sankt Clara <Kloster>"
230,"Veranstaltungen"
231,"Arbeitende"
232,"Einsatzanzug"
233,"Schutzhelme"
234,"Kartoffelkrankheit"
235,"Biowissenschaften, Biologie"
236,"Print"
237,"Pfarrhaus"
238,"Porträt"
239,"Grabstein"
240,"generalized groups, semigroups"
241,"обобщенные группы, полугруппы"
242,"плотно вложенный идеал"
243,"нетривиальный гомоморфизм"
244,"полугруппа с равнодействующими элементами"
245,"результаты Глускина"
246,"Bagger"
247,"Grammatik"
248,"Russisch"
249,"Funktionale Grammatik"
250,"Künstlerzeitschrift"
251,"Zeitschriften-Beitrag"
252,"Experimentelle Lyrik"
253,"Ingenieurwissenschaften und Maschinenbau"
254,"Sicherheitsbehälter"
255,"Stahlbeton"
256,"Rissbildung"
257,"Leckage"
258,"Dichtheit"
259,"Gas-Dampf-Gemisch"
260,"Thermohydraulik"
261,"Altargesprenge"
262,"Erziehung, Schul- und Bildungswesen"
263,"Landwirtschaft, Veterinärmedizin"
264,"Hauswirtschaft und Familienleben"
265,"Gemeinderechnungen"
266,"Hertweck (Firma) Gaggenau"
267,"Keramik"
268,"Gruppe (2-figurig)"
269,"BRD: Bundeswehr"
270,"Ländlicher Raum"
271,"Geografie"
272,"Unterschicht"
273,"Medizinische Versorgung"
274,"Gesundheitspolitik"
275,"Sozialpolitik"
276,"Krankenkasse"
277,"Geschichte 1840-1880"
278,"Arbeiter"
279,"Krankenversicherung"
280,"Krankheit"
281,"Sozialgeschichte 1770-1880"
282,"Preußen"
283,"Gesundheitswesen"
284,"Geschichte 1770-1880"
285,"Gastarbeiter; Schulpflicht"
286,"Meldewesen"
287,"Landschaft"
288,"Entwurf"
289,"Figurinen"
290,"Textilfarbstoff"
291,"Herstellung"
292,"Partei: CDU: EnBW"
293,"Wirtschaftsunternehmen: EnBW"
294,"Innenraum"
295,"Brunnenskulptur"
296,"Brunnen"
297,"elementary abelian group of order 81"
298,"partitions"
299,"translation planes of order 9"
300,"элементарная абелева группа порядка 81"
301,"расщепления"
302,"плоскости трансляций порядка 9"
303,"20D60"
304,"20K01"
305,"51A40"
306,"20D50"
307,"Deutsches Filminstitut - DIF e.V., Standfoto"
308,"Multatuli : Max Havelaar of de koffieveilingen der Nederlandsche handelsmaatschappij"
309,"Rückerstattung"
310,"Natürliche Ressourcen, Energie und Umwelt"
311,"Freizeit"
312,"Vorderseite"
313,"Kleintransporter"
314,"Pflanzen (Botanik)"
315,"Tiere"
316,"Pseudomonas cepacia"
317,"Biofilm"
318,"Gen"
319,"Musik"
320,"Physik"
321,"Präsente"
322,"Ort"
323,"Strafprozessakten"
324,"Cinnabarit"
325,"Gesellschaftskritik"
326,"Leichenhaus, Planentwurf"
327,"Wohn- und Geschäftshaus"
328,"Bauwesen"
329,"Platz"
330,"Gelegenheitsschrift: Einladung"
331,"Münze"
332,"Württembergische Kunstkammer; Behältnisse"
333,"Württembergische Kunstkammer; Besteck"
334,"Württembergische Kunstkammer; Edles Metall"
335,"Württembergische Kunstkammer; Gemälde, Grafiken, Handschriften"
336,"Württembergische Kunstkammer; Gemmen, Kameen, geschliffene Steine"
337,"Württembergische Kunstkammer; Geschirr"
338,"Württembergische Kunstkammer; Holz"
339,"Württembergische Kunstkammer; Keramik, Gips"
340,"Württembergische Kunstkammer; Kristall"
341,"Württembergische Kunstkammer; Möbel"
342,"Württembergische Kunstkammer; Perlen, Perlmutt, Korallen"
343,"Württembergische Kunstkammer; Religiöses"
344,"Württembergische Kunstkammer; Rest-Organik"
345,"Württembergische Kunstkammer; Schmuck, Accessoires, Bekleidung"
346,"Württembergische Kunstkammer; Stein, Edelstein"
347,"Württembergische Kunstkammer; Textilien"
348,"Württembergische Kunstkammer; Uhren, Wissenschaftliche Instrumente"
349,"Württembergische Kunstkammer; Unedles Metall"
350,"Württembergische Kunstkammer; Zierstücke, Schaustücke"
351,"Beschwerde"
352,"Fronen"
353,"Kapitell"
354,"Bäcker- u. Cafe'Wirt"
355,"Kran"
356,"Altarflügel (Innenseite)"
357,"Dresden"
358,"Bärte"
359,"Kraus, Joseph Martin (1756-1792)"
360,"Sakralraumskulptur?"
361,"Rundplastik"
362,"Zyklus"
363,"Mathematik"
364,"Liebeshof"
365,"Anstrichstoff"
366,"Kaiserreich Geschichtsschulbuecher"
367,"Gentherapie"
368,"Dependoviren"
369,"Typ 2"
370,"Vektor <Genetik>"
371,"Fliegende Blätter"
372,"Glasmalerei"
373,"Fenster"
374,"Landwirt"
375,"Streitschrift:jur."
376,"Gemäldesammlung"
377,"Gemälde"
378,"Reliefplastik"
379,"Kanzel"
380,"Natur"
381,"Rad, Radsatz"
382,"Kemenate"
383,"Fernmeldetechnik"
384,"Tasche"
385,"Arbeit"
386,"Verkehrswesen"
387,"Kanne (Zinnkanne)"
388,"Trink- und Schankgeschirr"
389,"Kirchenausstattung"
390,"Topografie"
391,"Kartenforum"
392,"Währungsreform"
393,"Messe"
394,"Dolomit"
395,"Dolomite"
396,"Jamesonite"
397,"Sphalerit"
398,"Sphalerite"
399,"Jamesonit"
400,"Jamesonit mit Sphalerit (Zinkblende) und Dolomit"
401,"liturgischer Text"
402,"historisierte Initiale"
403,"Akten"
404,"Landvogteien s. Heilbronn, Ellwangen, Rottweil"
405,"Wohnen, Garten, Park, Freiraum"
406,"Krankheit: BSE"
407,"Partei: CDU: BSE"
408,"Partei: Grüne: BSE"
409,"Partei: SPD: BSE"
410,"Landwirtschaft, Forstwirtschaft, Sport, Freizeit, Wohnen"
411,"Truhe"
412,"Denkmalskulptur"
413,"Grabmal"
414,"Realismus"
415,"Zeichnung / Grafik"
416,"Gärtnerei"
417,"Kunsthandwerk"
418,"Arbeiten auf Papier"
419,"Geschichte 1500-1930"
420,"Ostasien"
421,"Kunst"
422,"Auktionskatalog"
423,"Berlin <1934>"
424,"Künstler"
425,"Buchhandlungen; Henne, Friedrich (Stuttgart)"
426,"Druckereien; Henne, Friedrich (Stuttgart)"
427,"Management"
428,"Ackerbauschulen; Ausbildungshilfe"
429,"Gartenbauschulen; Ausbildungshilfe"
430,"Landbauschulen; Ausbildungshilfe"
431,"Landfrauenschulen; Ausbildungshilfe"
432,"biblischer Text"
433,"Tierfotografie"
434,"automatisch"
435,"Modell"
436,"Prinz Eugenins, der edle Ritter, wollt dem Kaiser wiederum Kriegen ..."
437,"Rathaus"
438,"Versuchsapparatur"
439,"Französische Literatur"
440,"Italienische, rumänische, rätoromanische Literatur"
441,"Spanische und portugiesische Literatur"
442,"Italien"
443,"Wissenschaftliche Literatur"
444,"Rezension"
445,"Geschichte 1774-1790"
446,"Dissertation:theol."
447,"Fortlaufendes Sammelwerk"
448,"Schnitt"
449,"Wohn- und Wirtschaftsgebäude"
450,"Stadt"
451,"Straßenverkehr; Tempo 30"
452,"Goldschmiedekunst"
453,"Humpen"
454,"Druckerzeugnis"
455,"Einblattdruck"
456,"Prospekte"
457,"Marmor"
458,"Gesteinskunde"
459,"Geochemie"
460,"Herkunftsnachweis"
461,"Lagerstätte"
462,"Multivariate Analyse"
463,"Artefakt"
464,"Archäometrie"
465,"Bibliotheken"
466,"Grupppenplastik"
467,"Akte"
468,"Jugendmusikschule"
469,"Liechtenstein"
470,"Arzt"
471,"Geschichte 1880-1900"
472,"Biographie"
473,"Wirtschaftsgebäude"
474,"Landkarte"
475,"Amtsdruckschrift / Gesetzessammlung / Verordnung / Vertrag / Gesetz / Edikt"
476,"Arbeiterfotografie"
477,"Dirigenten"
478,"Mensch-Tier-Gruppe (2-figurig)"
479,"Schule"
480,"Unterrichtsmittel"
481,"Schautafel Biologie (Biologisch technologische Sammlungen)"
482,"Hochaltar"
483,"Hamburgensien: Karten"
484,"Hamburg in historischen Karten und Ansichten"
485,"Karte, Plan"
486,"940 - Geschichte Europas"
487,"Sekkomalerei"
488,"Säulenbasis"
489,"Phosphorit-Knollen"
490,"Sudetendeutsche"
491,"Produktionsmaterial"
492,"Alpengipfel"
493,"Krankenbehandlung"
494,"Lazarettorganisation"
495,"Lazarettpersonal"
496,"Versorgung,medizinische"
497,"Feste"
498,"historisierte Initiale (9-zeilig)"
499,"Industrielle und handwerkliche Fertigung"
500,"Grafische Verfahren, Drucke"
501,"Fotografie, Computerkunst"
502,"Polyethylene"
503,"Zähigkeit"
504,"Rissausbreitung"
505,"Gefüge <Werkstoffkunde>"
506,"Grundrecht: Pressefreiheit"
507,"Kritik"
508,"Partei: CDU"
509,"Partei; SPD"
510,"Leichenpredigt"
511,"Psychologie"
512,"(3-8) \"序:\" ; (9-10) \"目録:\" ;"
513,"Kloster"
514,"Baden-Württemberg: Regierungspräsidium: Mittelinstanz"
515,"Reform"
516,"Siebziger Jahre"
517,"Verwaltung"
518,"Sortierverfahren"
519,"Falltür"
520,"Keller"
521,"Geographieschulbuecher Kaiserreich"
522,"Informatik"
523,"Messen"
524,"Geometrie"
525,"Oberfinanzdepartement"
526,"Drittes Reich"
527,"Weimarer Republik"
528,"Zweiter Weltkrieg"
529,"Geografie, Reisen (Deutschland)"
530,"Geschichte Deutschlands"
531,"multi-gap integration"
532,"elliptic-hyperelliptic covering"
533,"Riemann theta- functions"
534,33E05
535,"35Q99"
536,"14K25"
537,"quadrature formulas"
538,"multiple singular integrals"
539,"Cauchy type"
540,"Poincare- Bertrand formula"
541,"квадратурные формулы"
542,"сингулярные интегралы произвольной кратности"
543,"формула Пуанкаре-Бертрана"
544,"65D32"
545,"41A55"
546,"41A63"
547,30E20
548,"Üwers Låterle steig i nit auffi, der Woldbåm der is mer z'hoch drob'm"
549,"Männer"
550,"Arbeitskämpfe"
551,"Brücken"
552,"Eisenbahnanlagen"
553,"Fähren"
554,"Fernmeldeanlagen"
555,"Objektschutz"
556,"Sabotageakte"
557,"Streik(s)"
558,"Tunnels"
559,"Versorgungsanlagen"
560,"Werkspionage"
561,"Kruzifix"
562,"Geldwesen"
563,"Befestigungselement"
564,"Anker <Bauwesen>"
565,"Bruchmechanische Prüfung"
566,"Reisezugwagen"
567,"historisierte Initiale (18-zeilig)"
568,"Druckgraphik"
569,"Dorf"
570,"Grünes Gewölbe"
571,"Büste"
572,"Gemälde (Ölgemälde im Holzrahmen)"
573,"Die 24 Ältesten"
574,"Lehnstuhl"
575,"Ausstellung"
576,"Muziekfilosofie"
577,"Tanz"
578,"Tapete"
579,"Cavour <Italien>"
580,"Vase"
581,"Glas"
582,"Römerzeit"
583,"Weltfestspiele der Jugend und Studenten"
584,"Tempel"
585,"Plastik, Numismatik, Keramik, Metallkunst"
586,"Biografie, Genealogie, Heraldik"
587,"Kirche (katholisch)"
588,"Schlafwagen"
589,"Pfändungen"
590,"Pfandversteigerungen"
591,"Rentgefälle"
592,"Steuern"
593,"Versorgungsbezüge"
594,"Ouvertüren"
595,"Skizzen"
596,"Reichstagung für höhere Mädchenbildung"
597,"Landesbibliotheken"
598,"Verwaltungsgebäude"
599,"Pressefotografie"
600,"Meningitis tuberculosa"
601,"Miliartuberkulose"
602,"Streptomycin"
603,"Grundriss Keller, Grundriss 1. OG"
604,"Lichtpause, Feder, laviert"
605,"Militär"
606,"Plan"
607,"Hetten Leinau met de Nebelkapp, kirk toch taun Fenster herut. Måk open doch din Ettenschapp, mien Mågen Knuß ganz lut, un weil ick bannig düstig bin, stou ick allhier twei vålle Stünn' Hetten Leinau (bis ,,herut\")"
608,"Mais"
609,"Wurzel"
610,"Aquaporine"
611,"Genexpression"
612,"Regulation"
613,"Pflanzenhormon"
614,"Abiotischer Faktor"
615,"Gestühl"
616,"Medaillon"
617,"Küchenporzellan (Konvolut Voratsgefäße)"
618,"Küche"
619,"Sanitäre Anlagen und Gerätschaften"
620,"Theater, Tanz"
621,"Heidelberger Bilderkatechismus"
622,"Statuette"
623,"Der Primärausgabe fehlen die Kupferstiche"
624,"Großherzoglich Sächsische Kunstschule zu Weimar 1860-1910"
625,"Staatliche Hochschulen für Baukunst, Bildende Künste und Handwerk Weimar 1930-1942"
626,"Staatliche Hochschule für Baukunst und Bildende Künste Weimar 1942-1945"
627,"Staatliche Hochschule für Baukunst und Bildende Künste Weimar 1946-1951"
628,"Kinder"
629,"autonome Randzeichnung"
630,"rechtlicher Text"
631,"Kaufmann"
632,"Güterwagen"
633,"Partei: FDP: Landtagswahl Rheinland-Pfalz 1991"
634,"Wahl: Landtagswahl Rheinland-Pfalz 1991"
635,"Mühle"
636,"Kirchhof mit Mantelmauerverlauf II"
637,"Kanzelaltar"
638,"Begeisterung für \"Armida\", Dank für Medaille und Cramers Silhouette, Dank Matts für \"Armida\" übermittelt; passim über die Klopstock-Medaille, die nicht gefällt; Wieser schreibt \"leeren Brief\" an Klopstock, will ihn Schrödern mitgeben, der dann aber doch nicht nach Hamburg reist"
639,"Beschriftung"
640,"BRD"
641,"Partei: FDP: Dreikönigstreffen 1964"
642,"Wahl: Landtagswahl 1964"
643,"Städtische Landwirtschaft"
644,"Gemüsebau"
645,"Boden"
646,"Schwermetallbelastung"
647,"Gesundheitsgefährdung"
648,"Mauerturm"
649,"Kapelle"
650,"Länderfinanzausgleich"
651,"Porträts"
652,"Kaufm. Lehrling"
653,"Kommunalpolitik; Rathaus Weinstadt-Beutelsbach; Entfernung Kunstwerk \"Hochzeitsteppich\""
654,"Künstler; Katharina Reusch; Hochzeitsteppich Rathaus Weinstadt-Beutelsbach"
655,"Anekdote"
656,"Tragfigur"
657,"Tierfigur"
658,"Giebelskulptur"
659,"Container-Umschlagmittel"
660,"Innere Schulreform"
661,"Pädagogische Institute"
662,"Person"
663,"Bauverwaltung"
664,"Beleuchtung"
665,"Elektrische Beleuchtung"
666,"Instandhaltung"
667,"Kaserne"
668,"Kavallerie"
669,"Kavalleriekaserne in Ulm"
670,"Grande Armée"
671,"Kriege, Napoleonische"
672,"Kestner-Museum <Hannover>"
673,"Tontafel"
674,"Keilschrifttext"
675,"Waisenheim, jüdisches"
676,"Lastkraftwagen"
677,"Postwesen"
678,"Schlösser"
679,"Armenverwaltungen"
680,"Zehntverleihungen"
681,"Regensburg"
682,"Klerus"
683,"Day, Thomas"
684,"Zeitungen"
685,"Kommentar: theol."
686,"Reliquiar"
687,"Religion, Religionsphilosophie"
688,"Diözese Passau"
689,"Schematismus"
690,"De ludo scachorum (Schachzabelbuch)"
691,"VD18 digital"
692,"special Jordan algebra"
693,"free Jordan product"
694,"strongly associative Jordan algebras"
695,"специальная йорданова алгебра"
696,"свободное произведение йордановых алгебр"
697,"сильно ассоциативные йордановы алгебры"
698,"17C10"
699,"Korrosionsschutz"
700,"Glasbild"
701,"Seriendruck"
702,"Familie"
703,"Altstadt"
704,"Kreuzgang"
705,"ordinary differential equations"
706,"дифференциальная операция"
707,"формулы разложения Г. Вейля"
708,"спектральная функция краевой задачи"
709,"основное пространство и обобщенные функции"
710,"несамосопряженная краевая задача"
711,"аналитическое выражение для спектральной функции"
712,"Wohnen; Wohnhaus"
713,"sh85075119"
714,"sh85148236"
715,"Weltkr. 598 b Baden"
716,"Zuschauer"
717,"Halle"
718,"Retabel"
719,"Reportagefotografie"
720,"Punishment (Capital)"
721,"Franzosen"
722,"Kriegsgefangene, ausländische"
723,"Kriegsgefangenenfürsorge"
724,"Russen"
725,"verstorbene württembergische Offiziere"
726,"verwundete württembergische Offiziere"
727,"württembergische Offiziere, gefallene"
728,"württembergische Offiziere, verstorbene"
729,"Schilbach, Johann Heinrich"
730,"Opern"
731,"Bücheranzeige"
732,"Baukosten"
733,"Kirchen"
734,"Kirchenuhren"
735,"Fremdenverkehr"
736,"Fremdenverkehrsstatistik"
737,"Statistik, Fremdenverkehr"
738,"Sakralraumskulptur"
739,"Bürste"
740,"Thermus thermophilus"
741,"Cytochromoxidase"
742,"Röntgenstrukturanalyse"
743,"Bildwerke / Bildende Kunst &gt; Zeichnung / Grafik"
744,"Farbholzschnitt"
745,"Palazzo"
746,"Partei: NPD: Landesparteitag 1970"
747,"Getreidedisposition"
748,"Dragonerregiment Kronprinz von Württemberg"
749,"Baustellen | Bauplätze"
750,"Koran"
751,"Übersetzung"
752,"Urdu"
753,"Geschichte 1837"
754,"Paar, Hermann"
755,"Aufriss"
756,"Sitzgruppen"
757,"Kopf"
758,"Portalskulptur"
759,"Untersuchungsausschuss Müllheim"
760,"Gemeinderechnung; Prüfung"
761,"Schloss"
762,"Strecken; Neckargemünd-Jagstfeld"
763,"Wiegen und Rechnen"
764,"Handwerk / Industrie / Handel"
765,"Handel"
766,"Tischkasse (Buchungskasse)"
767,"Kaufmann / Ladeneinrichtung"
768,"Epikedeion"
769,"Epik / Epos / Verserzählung / Roman / Erzählung"
770,"Metallgießereien"
771,"NE-Metalle"
772,"Profanarchitektur"
773,"Schulwandbild Handarbeit"
774,"Türkisch"
775,"Märchen"
776,"Anthologie"
777,"Zeitungen; \"Staatsanzeiger für Württemberg\""
778,"Altarbild"
779,"Bibliographie"
780,"Philosophie"
781,"Formale Sprache"
782,"Konditionalsatz"
783,"Logischer Schluss"
784,"Mögliche-Welten-Semantik"
785,"Bank: BW Bank"
786,"Flugverkehr: Flughafen Baden-Airport"
787,"Kriminalität: Wirtschaftskriminalität"
788,"Skandal: FlowTex-Affäre"
789,"Strafverfolgung"
790,"Wirtschaftsunternehmen: Baden-Airpark GmbH"
791,"Wirtschaftsunternehmen: FlowTex"
792,"Elektrifizierung; Strecke 4241 Baden-Baden-Oos"
793,"Mittelfranken"
794,"Erfurt"
795,"Festung"
796,"Füllungsbrett"
797,"4. Kirchengestühlsteile / Friese / Füllungen"
798,"Innendekoration"
799,"Götz, Ernst"
800,"Flüchtlinge"
801,"Romanik"
802,"Geschichte 950-1250"
803,"Gotik"
804,"Geschichte 1150-1520"
805,"fortlaufendes Sammelwerk"
806,"Zoologica"
807,"Einberufungen"
808,"Ernteurlaub"
809,"Ersatzreserve"
810,"Kriegsreserve"
811,"Kriegsstand, Komplettierung"
812,"Landwehr"
813,"Mobilmachung"
814,"Mosaikkunst"
815,"Wandmosaik"
816,"Ziege"
817,"Festbettreaktor"
818,"Kugelschüttung"
819,"Durchströmung"
820,"Numerisches Modell"
821,"Versdichtung"
822,"Berner, Johann"
823,"Berner, Judith"
824,"Sabon, Judith -) Berner, Judith"
825,"Egenolff, Judith -) Berner, Judith"
826,"Beton"
827,"Miniatur (halbseitig)"
828,"sonstiger Text"
829,"Wohn- und Handwerkerhaus"
830,"Deutsche Literatur"
831,"Theater"
832,"Hess, August (1821-1878)"
833,"Herchenröder, M."
834,"Junge Pioniere"
835,"Badisch-Pfälzischer Krieg"
836,"Ortsdurchfahrt"
837,"Fischfangstatistik Bodensee"
838,"Fischteich"
839,"Fischzucht"
840,"Forellenzuchtanstalten"
841,"Landesfischereisachverständiger"
842,"Gruppe (4-figurig)"
843,"Bündnis 90/Die Grünen"
844,"Landtagswahl 2006"
845,"Mikroprozessor"
846,"Radio"
847,"Escherichia coli"
848,"Genanalyse"
849,"Ständehaus"
850,"Stadttor"
851,"Lied"
852,"Erwachsene"
853,"Hofmannsthal, Hugo von (1874-1929)"
854,"Brief"
855,"Aus Nachlass Richard Dehmel"
856,"Briefkopierbücher Richard Dehmel"
857,"830 - Deutsche und verwandte Literaturen"
858,"Handschrift"
859,"Mehrbändiges Werk"
860,"Feldforschungsaufnahmen des Deutschen Volksliedarchivs, Mag286"
861,"Gartenskulptur"
862,"Tower"
863,"barockisierend"
864,"Markt"
865,"Pumpe"
866,"Zernsdorf"
867,"Musik-Katalog"
868,"Verbinden"
869,"Ferdinand Maria (Bayern, Kurfürst)"
870,"Wanddekoration"
871,"Gewölbebild"
872,"Krug"
873,"Längsschnitt"
874,"Staatsstraße Nr. 86 Tübingen - Horb - Rottweil"
875,"Staatsstraße Nr. 87 Eyach - Haigerloch - Steinhofen"
876,"Staatsstraße Nr. 88 Horb - Haigerloch"
877,"Staatsstraße Nr. 94 Horb - Aach"
878,"Erste Stiftungsklasse"
879,"Hematite"
880,"Hämatit"
881,"Haematit"
882,"Fotografie (Digitalisat)"
883,"Buchillustration"
884,"Portfolio-Pöppelmann-Pillnitz"
885,"Universität"
886,"Bremse"
887,"Buch von den probierten Künsten"
888,"Sonogashira-Hagihara-Reaktion"
889,"Katalysator"
890,"Palladium"
891,"Phosphine"
892,"Flüssig-Flüssig-System"
893,"Auswanderung; aus Württemberg"
894,"Staatstheater, Badisches; Schauspieler"
895,"Bader, Georg"
896,"Schale"
897,"Ich weiß nicht, was soll das bedeuten"
898,"Landesparteitag Offenburg"
899,"Parteien; SPD, Landesparteitag"
900,"Korrespondenz"
901,"letter"
902,"autograph"
903,"Reliquienschrein"
904,"Flakon"
905,"Rückseite"
906,"Hänschen klein ging allein in d. Erbacher Schul hinein"
907,"Stoßbutterfaß"
908,"Hauswirtschaft"
909,"Gutshof"
910,"Fabrik"
911,"Batterieturm"
912,"Benckiser-Knapsack GmbH Ludwigshafen; Gleisanschluss"
913,"Decke"
914,"Kindergarten"
915,"Subrogation - France"
916,"Époux - France"
917,"Kaiser | Kaiserinnen"
918,"Eröffnung: Sendestelle Heidelberg"
919,"Öffentliche Veranstaltung"
920,"SDR: Geschichte: Radio Stuttgart"
921,"Staatliche Hochschule für Handwerk und Baukunst Weimar 1925-1930"
922,"Architekturphotographie"
923,"Turm und Langhaus von Norden"
924,"Operette"
925,"Galerie Neue Meister"
926,"Grabplatte"
927,"Tür"
928,"Flüchtlingslager Rastatt (Schloss)"
929,"Schloss Rastatt (Flüchtlingslager)"
930,"Elektromotor"
931,"DDR"
932,"politische Veranstaltungen"
933,"Cebionzucker"
934,"Fürsorge für Säuglinge"
935,"Säuglingsfürsorge"
936,"Innenstadt"
937,"Schild"
938,"Lord's Supper"
939,"Milchkuhhaltung"
940,"Intensivtierhaltung"
941,"Stoffwechsel"
942,"Blutuntersuchung"
943,"Mutterkuhhaltung"
944,"Extensivtierhaltung"
945,"Milchleistung"
946,"Futtermittel"
947,"Endotoxin"
948,"Antioxidans"
949,"Kirche (evangelisch)"
950,"Wohn- und Gasthaus"
951,"Schulwandbild Biologie"
952,"Handarbeitsunterricht"
953,"Stolberg-Wernigerode, Juliane Prinzessin zu"
954,"Druckereien; Rapp (Cannstatt)"
955,"Zeitungen; \"Cannstatter Merkur\""
956,"Historische Drucke"
957,"Sprachen / Literaturen"
958,"Gelegenheitsschrift: Begrüßung"
959,"Griechisch"
960,"Delos"
961,"Weihinschrift"
962,"Geografie, Reisen"
963,"Geographie"
964,"Vignette"
965,"Holzschnitt"
966,"Kontrolleinrichtung"
967,"Alltag"
968,"Taufstein"
969,"Urkunden; Adelsdiplome"
970,"Wandbespannung"
971,"::Der:: goldige Rosenkrånz, versetzt mit Perlen gånz"
972,"Portfolio-Höhne-Pohl-Bildnisse"
973,"Schranz, H."
974,"Geschichte Europas"
975,"Reportage"
976,"Sebastian Ochsekhun"
977,"Hausbau, Bauhandwerk"
978,"Randausläufer"
979,"Triumphkreuzgruppe"
980,"Gesundheit und Soziales"
981,"Forstamt Donaueschingen"
982,"Dach"
983,"Membran"
984,"Bildstock"
985,"Schloß"
986,"Nitrylhalogenide"
987,"Reaktionskinetik"
988,"Ultraviolettspektroskopie"
989,"Halogennitrite"
990,"Halogennitrate"
991,"Kasel"
992,"Textilkunst"
993,"Kriegswirtschaftsverordnung"
994,"Schwarzschlachtung"
995,"Constitutional history <Holy Roman Empire>"
996,"Constitutional law <Holy Roman Empire>"
997,"Public law <Holy Roman Empire>"
998,"Universities and colleges"
999,"Kraftwerke"
1000,"Rheinkraftwerk Birsfelden"
